ëлкадай,adj,pst
ааламдай,adj,pst
аардуу,adj,pst
аарчыгандай,adj,pst
аарчылуу,adj,pst
аарылуу,adj,pst
абадагы,adj,pst
абажурдуу,adj,pst
абажурлуу,adj,pst
абалкы,adj,pst
абжалуу,adj,pst
абжор,adj,pst
абийирдүү,adj,pst
абийирлүү,adj,pst
абийирсиз,adj,pst
абройлуу,adj,pst
абысындуу,adj,pst
авансталуу,adj,pst
автоматташтырылуу,adj,pst
автономиялуу,adj,pst
автордоштурулуу,adj,pst
автотермелүү,adj,pst
ага-инилүү,adj,pst
агайындуу,adj,pst
агалалуу,adj,pst
агалуу,adj,pst
агартылуу,adj,pst
агатай,adj,pst
агача,adj,pst
агжолтой,adj,pst
агрессивдүү,adj,pst
агрессиялуу,adj,pst
агүйлүү,adj,pst
агызылуу,adj,pst
агылгалуу,adj,pst
агылуу,adj,pst
агындуу,adj,pst
агытылуу,adj,pst
адал,adj,pst
адалдуу,adj,pst
адалыраак,adj,pst
адамдай,adj,pst
адамсыз,adj,pst
адаттагыдай,adj,pst
адептүү,adj,pst
адистей,adj,pst
адистештирилүү,adj,pst
адраңдуу,adj,pst
адрестлүү,adj,pst
адуу,adj,pst
адылкеч,adj,pst
адырдагы,adj,pst
адырдуу,adj,pst
адырлуу,adj,pst
адырмактуу,adj,pst
аёолуу,adj,pst
ажаандай,adj,pst
ажайыптуу,adj,pst
ажалдуу,adj,pst
ажалсыз,adj,pst
ажардуу,adj,pst
ажарлуу,adj,pst
ажыдаардай,adj,pst
ажыралуу,adj,pst
ажыратылуу,adj,pst
азайтылуу,adj,pst
азалуу,adj,pst
азандай,adj,pst
азаптуу,adj,pst
азар-түмөн,adj,pst
азганактай,adj,pst
азгандай,adj,pst
азгантай,adj,pst
азгырмалуу,adj,pst
азгырылмалуу,adj,pst
азгырылуу,adj,pst
аздектелүү,adj,pst
азелдүү,adj,pst
аземдүү,adj,pst
азилдүү,adj,pst
азоо,adj,pst
азуулу,adj,pst
азуулуу,adj,pst
азуулуудай,adj,pst
азыксыз,adj,pst
азылуу,adj,pst
азыноолак,adj,pst
азыркы,adj,pst
айбалтадай,adj,pst
айбалтачан,adj,pst
айбандай,adj,pst
айбардуу,adj,pst
айбаттуу,adj,pst
айгырдай,adj,pst
айгырчан,adj,pst
айдай,adj,pst
айдакталуу,adj,pst
айдалуу,adj,pst
айдама,adj,pst
айдамалуу,adj,pst
айдарлуу,adj,pst
айдарымдуу,adj,pst
айдыӊдуу,adj,pst
айзадагы,adj,pst
айзадай,adj,pst
айзалуу,adj,pst
айзачан,adj,pst
айкын,adj,pst
айкындалуу,adj,pst
айкындуу,adj,pst
айкырыктуу,adj,pst
айлакер,adj,pst
айлалуу,adj,pst
айлампалуу,adj,pst
айлангыс,adj,pst
айланпалуу,adj,pst
айлантылуу,adj,pst
айласыз,adj,pst
айлуу,adj,pst
айлык,adj,pst
аймандай,adj,pst
аймаңдай,adj,pst
айнектей,adj,pst
айнектелүү,adj,pst
айнектүү,adj,pst
айнымалуу,adj,pst
айран-азыр,adj,pst
айрандай,adj,pst
айран-таң,adj,pst
айраң,adj,pst
айрылуу,adj,pst
айрымачтай,adj,pst
айсыз,adj,pst
айтаң,adj,pst
айткандай,adj,pst
айткандардай,adj,pst
айтканындай,adj,pst
айткыс,adj,pst
айтылгандай,adj,pst
айтымдуу,adj,pst
айча,adj,pst
айчалык,adj,pst
айчыктуу,adj,pst
айчылык,adj,pst
айылдагы,adj,pst
айылдаш,adj,pst
айыпталуу,adj,pst
айыптуу,adj,pst
айырбаш,adj,pst
айырбашталуу,adj,pst
айырмалуу,adj,pst
айырмачтай,adj,pst
акактай,adj,pst
акакталуу,adj,pst
акбейил,adj,pst
акбоз,adj,pst
акбөкөндөй,adj,pst
акжолтой,adj,pst
акиреттик,adj,pst
аккандай,adj,pst
аккелтедей,adj,pst
аккөңүл,adj,pst
аккуудай,adj,pst
ак-кызыл,adj,pst
акмактай,adj,pst
акмаралдай,adj,pst
акниет,adj,pst
акпейил,adj,pst
аксак,adj,pst
аксакалдуу,adj,pst
аксакалсыз,adj,pst
аксакалчан,adj,pst
аксаргыл,adj,pst
аксур,adj,pst
актай,adj,pst
акталуу,adj,pst
активдүү,adj,pst
актуалдуу,adj,pst
акчалуу,adj,pst
акчардактай,adj,pst
акшумкардай,adj,pst
акшы,adj,pst
акыйкатталуу,adj,pst
акылдуу,adj,pst
акылмандуу,adj,pst
акылсыз,adj,pst
акылуу,adj,pst
акыреттик,adj,pst
акыркы,adj,pst
ала,adj,pst
алабуурул,adj,pst
алагай,adj,pst
алагар,adj,pst
алагөөдөк,adj,pst
алагөөдөн,adj,pst
аладеңгил,adj,pst
аладуу,adj,pst
алакай,adj,pst
алакандай,adj,pst
алакандалуу,adj,pst
алактай,adj,pst
алакчы,adj,pst
алалгыс,adj,pst
алалуу,adj,pst
алаң,adj,pst
алаңгазар,adj,pst
алардай,adj,pst
аласалуу,adj,pst
аласкар,adj,pst
аласкардай,adj,pst
аласталуу,adj,pst
алаткактуу,adj,pst
алаттуу,adj,pst
алача,adj,pst
алачамай,adj,pst
алачыктай,adj,pst
алаша,adj,pst
албан,adj,pst
албан-албан,adj,pst
албан-субандай,adj,pst
албардуу,adj,pst
албарстай,adj,pst
албарстуу,adj,pst
албарстыдай,adj,pst
алгандай,adj,pst
алгачкы,adj,pst
алгыз,adj,pst
алгылыктуу,adj,pst
алгыр,adj,pst
алгыс,adj,pst
алгысыз,adj,pst
алгычтай,adj,pst
алдагы,adj,pst
алдей-алдей,adj,pst
алдуу,adj,pst
алдымдагы,adj,pst
алдындагы,adj,pst
алдынкы,adj,pst
алдыңдагы,adj,pst
алдыңкы,adj,pst
алдырбастай,adj,pst
алдыргандай,adj,pst
алешем,adj,pst
алигидей,adj,pst
алкымдагы,adj,pst
аллеялуу,adj,pst
алмадай,adj,pst
алмач,adj,pst
алмашылуу,adj,pst
алмончоктой,adj,pst
алсыз,adj,pst
алтайдагы,adj,pst
алтайлык,adj,pst
алтайчылык,adj,pst
алтындай,adj,pst
алтындуу,adj,pst
алуучудай,adj,pst
алчактай,adj,pst
алчалуу,adj,pst
алымдуу,adj,pst
алыскы,adj,pst
алыстагы,adj,pst
алышчудай,adj,pst
альтернативдүү,adj,pst
амалдуу,adj,pst
амалкөй,adj,pst
амалсыз,adj,pst
аман-соодой,adj,pst
аман-тирүү,adj,pst
амызгөй,adj,pst
анардай,adj,pst
андагы,adj,pst
андай,adj,pst
андай-мындай,adj,pst
анжияндык,adj,pst
анжуулук,adj,pst
аномалдуу,adj,pst
анонимдүү,adj,pst
ансыз,adj,pst
антеналуу,adj,pst
аныкталуу,adj,pst
аңгемелүү,adj,pst
аңгир,adj,pst
аңдуу,adj,pst
аңкоо,adj,pst
аңкылдак,adj,pst
апалуу,adj,pst
апатай,adj,pst
апкелүү,adj,pst
аппак,adj,pst
аппапак,adj,pst
апсана,adj,pst
апторой,adj,pst
апчылуу,adj,pst
апыртмалуу,adj,pst
араадай,adj,pst
араандай,adj,pst
арадагы,adj,pst
аракүрмөй,adj,pst
аралдагы,adj,pst
аралдуу,adj,pst
аралуу,adj,pst
арам-адал,adj,pst
арамдай,adj,pst
арандай,adj,pst
арбактуу,adj,pst
арбалуу,adj,pst
аргасыз,adj,pst
аргыл,adj,pst
аргылуу,adj,pst
ардай,adj,pst
ардакталуу,adj,pst
ардактуу,adj,pst
ардуу,adj,pst
арзан,adj,pst
арзандатылуу,adj,pst
аркагай,adj,pst
аркалуу,adj,pst
аркалык,adj,pst
аркалыктай,adj,pst
аркандай,adj,pst
аркандалуу,adj,pst
аркандуу,adj,pst
аркансыз,adj,pst
аркардай,adj,pst
аркы,adj,pst
аркыл,adj,pst
аркылуу,adj,pst
аркыттагы,adj,pst
армандуу,adj,pst
армансыз,adj,pst
арналуу,adj,pst
арпалуу,adj,pst
арсак,adj,pst
арсардуу,adj,pst
арстандай,adj,pst
арсыз,adj,pst
арткандай,adj,pst
арткы,adj,pst
арттагы,adj,pst
артыгыраак,adj,pst
артыгырак,adj,pst
артык,adj,pst
артылуу,adj,pst
артымдагы,adj,pst
артындагы,adj,pst
артыңдагы,adj,pst
арчалуу,adj,pst
арыгыс,adj,pst
арыздуу,adj,pst
арыктай,adj,pst
арык-торук,adj,pst
арыктуу,adj,pst
арылгандай,adj,pst
арылгыс,adj,pst
арылуу,adj,pst
арымдуу,adj,pst
арыптуу,adj,pst
арыстандай,adj,pst
арыштуу,adj,pst
асалуу,adj,pst
асемделүү,adj,pst
асемдүү,adj,pst
аскадай,adj,pst
аскалуу,adj,pst
аскандай,adj,pst
аскардай,adj,pst
аскардуу,adj,pst
аскердеги,adj,pst
аскиялуу,adj,pst
асмалуу,adj,pst
асмандагы,adj,pst
аспандуу,adj,pst
астарлуу,adj,pst
астымдагы,adj,pst
астындагы,adj,pst
астынкы,adj,pst
астыңдагы,adj,pst
астыңкы,adj,pst
асфальтталуу,adj,pst
асылдуу,adj,pst
асылкеч,adj,pst
асыралуу,adj,pst
ата-баладай,adj,pst
атаксыз,adj,pst
атактуу,adj,pst
аталаш,adj,pst
аталуу,adj,pst
атамдай,adj,pst
атандай,adj,pst
атантай,adj,pst
атаңдай,adj,pst
атасыз,adj,pst
атасындай,adj,pst
аткандай,adj,pst
аткарылуу,adj,pst
аткулактуу,adj,pst
аткычыл,adj,pst
атсыз,adj,pst
аттагыс,adj,pst
аттай,adj,pst
атты,adj,pst
атчан,adj,pst
атылуу,adj,pst
атымдай,adj,pst
атыштуу,adj,pst
ачалуу,adj,pst
ач-арыктар,adj,pst
ачка,adj,pst
ачкандай,adj,pst
ачкараак,adj,pst
ачкөз,adj,pst
ачкүсөндөй,adj,pst
ачкыл,adj,pst
ачмаралдай,adj,pst
ачулуу,adj,pst
ачуулу,adj,pst
ачуулуу,adj,pst
ачык-жарык,adj,pst
ачыктуу,adj,pst
ачылбастай,adj,pst
ачылуу,adj,pst
ашаткылуу,adj,pst
ашатылуу,adj,pst
ашкандай,adj,pst
ашкере,adj,pst
ашкысыз,adj,pst
ашмалтай,adj,pst
аштагы,adj,pst
аштай,adj,pst
ашталуу,adj,pst
аштамалуу,adj,pst
аштыктай,adj,pst
ашуулуу,adj,pst
ашыгыраак,adj,pst
ашыккандай,adj,pst
ашыктай,adj,pst
ашыктуу,adj,pst
ашылуу,adj,pst
ашындай,adj,pst
ашырылуу,adj,pst
аюудай,adj,pst
аяздуу,adj,pst
аяккаптай,adj,pst
аяккы,adj,pst
аяктай,adj,pst
аякталуу,adj,pst
аяктуу,adj,pst
аялдай,adj,pst
аялдуу,adj,pst
аялкы,adj,pst
аялуу,adj,pst
аӊдуу,adj,pst
аӊ-сезимдүү,adj,pst
аӊтарылуу,adj,pst
баалуу,adj,pst
баамдуу,adj,pst
бааналуу,adj,pst
баатырдагы,adj,pst
баатырдуу,adj,pst
баатырыраак,adj,pst
баашадай,adj,pst
баашалуу,adj,pst
баашалыктай,adj,pst
бабасындай,adj,pst
бабылдык,adj,pst
багымсыз,adj,pst
багындай,adj,pst
багытталуу,adj,pst
багышталуу,adj,pst
бадалдуу,adj,pst
баданадай,adj,pst
баданалуу,adj,pst
баданачан,adj,pst
баёсун,adj,pst
базарлуу,adj,pst
бай,adj,pst
байбалуу,adj,pst
байгелүү,adj,pst
байдалаш,adj,pst
байдалуу,adj,pst
байкалуу,adj,pst
байлалуу,adj,pst
байлануу,adj,pst
байланыштырылуу,adj,pst
байлачуудай,adj,pst
байлоодогу,adj,pst
байлоолуу,adj,pst
баймалуу,adj,pst
байпактай,adj,pst
байпактык,adj,pst
байпакчан,adj,pst
байры,adj,pst
байсалдуу,adj,pst
байталдык,adj,pst
байталчан,adj,pst
байымдуу,adj,pst
байыркы,adj,pst
бакалдуу,adj,pst
бакалуу,adj,pst
бакандай,adj,pst
бак-бакчалуу,adj,pst
баккандай,adj,pst
бакма,adj,pst
бакмадагы,adj,pst
бактуу,adj,pst
бактылуу,adj,pst
бакчалуу,adj,pst
бакшыдай,adj,pst
бакыл,adj,pst
балаалуу,adj,pst
бала-бакыралуу,adj,pst
баладай,adj,pst
балаканалуу,adj,pst
балакеттей,adj,pst
балакеттүү,adj,pst
балалуу,adj,pst
балалуудай,adj,pst
баландай,adj,pst
баланчадай,adj,pst
баласыз,adj,pst
балатай,adj,pst
бала-чакалуу,adj,pst
балбандай,adj,pst
балбандардай,adj,pst
балгындуу,adj,pst
балдай,adj,pst
балдактуу,adj,pst
балдарлуу,adj,pst
балекеттүү,adj,pst
балит,adj,pst
балканактай,adj,pst
балкыгандай,adj,pst
балкылдай,adj,pst
балпаӊдуу,adj,pst
балтай-шалтай,adj,pst
балталуу,adj,pst
балтачан,adj,pst
балтырлуу,adj,pst
балчыктай,adj,pst
бал-шекердей,adj,pst
балыктай,adj,pst
балырлуу,adj,pst
бапестелүү,adj,pst
бапиктелүү,adj,pst
бапталуу,adj,pst
бараандай,adj,pst
бараандуу,adj,pst
барабандай,adj,pst
барабар,adj,pst
барадай,adj,pst
барактлуу,adj,pst
баралгыс,adj,pst
барганалык,adj,pst
баргектүү,adj,pst
баргысыз,adj,pst
бардай,adj,pst
бардуу,adj,pst
бардыгындай,adj,pst
бариктүү,adj,pst
барксыз,adj,pst
баркталуу,adj,pst
барктуу,adj,pst
бармактай,adj,pst
бармактуу,adj,pst
барсылдак,adj,pst
барчындай,adj,pst
барыктуу,adj,pst
барындай,adj,pst
басалгалуу,adj,pst
баскандай,adj,pst
баскыс,adj,pst
басыктуу,adj,pst
басылуу,adj,pst
басымдуу,adj,pst
басырылуу,adj,pst
бат,adj,pst
батакөй,adj,pst
батасыз,adj,pst
баткалдай,adj,pst
баткалдуу,adj,pst
баткандай,adj,pst
батпагыдай,adj,pst
батымдуу,adj,pst
башаалуу,adj,pst
башалуу,adj,pst
башка,adj,pst
башка-башка,adj,pst
башкарылуу,adj,pst
башкы,adj,pst
баштагы,adj,pst
баштагыдай,adj,pst
баштакы,adj,pst
баштакыдай,adj,pst
башталуу,adj,pst
баштуу,adj,pst
баштыктай,adj,pst
башыл,adj,pst
башымдагы,adj,pst
башындагы,adj,pst
башындай,adj,pst
башыңдагы,adj,pst
баягы,adj,pst
баягыдай,adj,pst
баягыдан,adj,pst
баягылар,adj,pst
баягынын,adj,pst
баякы,adj,pst
баякыдай,adj,pst
баяналуу,adj,pst
баяндалуу,adj,pst
баянсыз,adj,pst
бегирээк,adj,pst
беделдүү,adj,pst
беделүү,adj,pst
бедердүү,adj,pst
бедерлүү,adj,pst
бежеӊдүү,adj,pst
бежилдүү,adj,pst
безилдүү,adj,pst
бейажал,adj,pst
бейайлуу,adj,pst
бейарман,adj,pst
бейбак,adj,pst
бейбактай,adj,pst
бейбаш,adj,pst
бейбереке,adj,pst
бейдаарат,adj,pst
бейдаараттуу,adj,pst
бейдарман,adj,pst
бейжай,adj,pst
бейжайлуу,adj,pst
бейжайыраак,adj,pst
бейжооп,adj,pst
бейилдүү,adj,pst
бейилсиз,adj,pst
бейиштей,adj,pst
бейкабар,adj,pst
бейкабарсыз,adj,pst
бейкайрат,adj,pst
бейкапар,adj,pst
бейкарар,adj,pst
бейкут,adj,pst
бейкүнөө,adj,pst
беймаал,adj,pst
беймазалуу,adj,pst
бейорун,adj,pst
бейпайлуу,adj,pst
бейпил,adj,pst
бейпилдүү,adj,pst
бейсарамжал,adj,pst
бейтаалай,adj,pst
бейшаркыт,adj,pst
бейыйман,adj,pst
бейэсеп,adj,pst
бек,adj,pst
бек-бек,adj,pst
бекем,adj,pst
бекем-бекем,adj,pst
бекемделүү,adj,pst
бекер,adj,pst
бекерсиз,adj,pst
бекилүү,adj,pst
бекитилүү,adj,pst
белгилүү,adj,pst
белгисиз,adj,pst
белдей,adj,pst
белдүү,adj,pst
белен,adj,pst
беленделүү,adj,pst
беленирээк,adj,pst
белестеги,adj,pst
белестей,adj,pst
белестүү,adj,pst
белимдеги,adj,pst
белиндеги,adj,pst
белиндей,adj,pst
белсемдүү,adj,pst
бепбекер,adj,pst
бепбелгилүү,adj,pst
бепбелен,adj,pst
бергектүү,adj,pst
бергендей,adj,pst
бергис,adj,pst
бергисиз,adj,pst
берекелүү,adj,pst
берендей,adj,pst
берендүү,adj,pst
беренелүү,adj,pst
беренжилүү,adj,pst
береселүү,adj,pst
беризаттай,adj,pst
беризаттуу,adj,pst
берилүү,adj,pst
бериштелүү,adj,pst
берметтей,adj,pst
берметтелүү,adj,pst
берчемдүү,adj,pst
берчүдөй,adj,pst
берчүүдөй,adj,pst
бетегелүү,adj,pst
бетимдеги,adj,pst
бетиндеги,adj,pst
бетиндей,adj,pst
беттелүү,adj,pst
беттешкендей,adj,pst
беттүү,adj,pst
бечел,adj,pst
бешиктеги,adj,pst
бештеги,adj,pst
биздей,adj,pst
бизиндей,adj,pst
бийдей,adj,pst
бийик,adj,pst
билгендей,adj,pst
билгениндей,adj,pst
билгениңдей,adj,pst
билгиликтүү,adj,pst
билгис,adj,pst
билгисиз,adj,pst
билдей,adj,pst
билектеги,adj,pst
билектей,adj,pst
билектеш,adj,pst
билердей,adj,pst
билериктүү,adj,pst
билерман,adj,pst
билеселүү,adj,pst
билилүү,adj,pst
билимдүү,adj,pst
билингис,adj,pst
билмексен,adj,pst
билүүлү,adj,pst
бинтелүү,adj,pst
бирдеги,adj,pst
бирдей,adj,pst
бириндей,adj,pst
бирөөндөй,adj,pst
биртоп,adj,pst
биттей,adj,pst
богоолуу,adj,pst
бодурлуу,adj,pst
боёлуу,adj,pst
боз,adj,pst
бозала,adj,pst
бозалалуу,adj,pst
бозкыраан,adj,pst
бозүйлүү,adj,pst
бойлуу,adj,pst
бокжоромол,adj,pst
боконолуу,adj,pst
боктуу,adj,pst
болбостой,adj,pst
болгондой,adj,pst
болгус,adj,pst
болгусуз,adj,pst
болжогондой,adj,pst
болжогус,adj,pst
болжолдуу,adj,pst
болжолсуз,adj,pst
болжолуу,adj,pst
болжоолсуз,adj,pst
болжоосуз,adj,pst
болжосуз,adj,pst
болкоюңку,adj,pst
болоттой,adj,pst
болоттуу,adj,pst
болотундай,adj,pst
болумдуу,adj,pst
болушкандай,adj,pst
бомбалуу,adj,pst
бооз,adj,pst
боолу,adj,pst
боолуу,adj,pst
боордой,adj,pst
боорлош,adj,pst
боорукер,adj,pst
боорукерлүү,adj,pst
боорундай,adj,pst
борбуйлуу,adj,pst
бордоку,adj,pst
бордолуу,adj,pst
бордуу,adj,pst
борколдой,adj,pst
бородой,adj,pst
бороодой,adj,pst
бороондуу,adj,pst
боростой,adj,pst
борошолуу,adj,pst
борпоң,adj,pst
борсолдой,adj,pst
борумдуу,adj,pst
босоголуу,adj,pst
ботала,adj,pst
ботодой,adj,pst
ботой,adj,pst
ботолуу,adj,pst
ботосуз,adj,pst
бош,adj,pst
бошоң,adj,pst
боюндай,adj,pst
бөгөлүү,adj,pst
бөгүлүү,adj,pst
бөдөнөдөй,adj,pst
бөксөдөгү,adj,pst
бөксөлүү,adj,pst
бөктөргөлүү,adj,pst
бөктөрүлүү,adj,pst
бөлмөлүү,adj,pst
бөлөк,adj,pst
бөлөк-бөлөк,adj,pst
бөлөк-салак,adj,pst
бөлтөк,adj,pst
бөлтөк-бөлтөк,adj,pst
бөөт-бөөт,adj,pst
бөрксүз,adj,pst
бөрктөй,adj,pst
бөрктүү,adj,pst
бөртөй-шөртөй,adj,pst
бөрүдөй,adj,pst
бөрүктөй,adj,pst
бөтөн,adj,pst
бөтөн-бөтөн,adj,pst
бөштөн,adj,pst
брондолуу,adj,pst
брондуу,adj,pst
бугдай,adj,pst
бугудай,adj,pst
бугулуу,adj,pst
будурдагы,adj,pst
бузгандай,adj,pst
бузук,adj,pst
бузуктуу,adj,pst
бузулгус,adj,pst
бузулуу,adj,pst
буйдалуу,adj,pst
буйлалуу,adj,pst
буйруксуз,adj,pst
букадай,adj,pst
букаралык,adj,pst
букардагы,adj,pst
букардык,adj,pst
букарлык,adj,pst
букачан,adj,pst
букта,adj,pst
булаксыздай,adj,pst
булактай,adj,pst
булалуу,adj,pst
булаңдай,adj,pst
булардай,adj,pst
булкактай,adj,pst
булкуш,adj,pst
булудай,adj,pst
булуңдуу,adj,pst
булуттай,adj,pst
булуттуу,adj,pst
булуу,adj,pst
булуӊдуу,adj,pst
булчуңдуу,adj,pst
буралма,adj,pst
буралуу,adj,pst
бурамалуу,adj,pst
бураналуу,adj,pst
бурма,adj,pst
бурмалуу,adj,pst
буроолуу,adj,pst
бурулуу,adj,pst
бурчулуу,adj,pst
бутадай,adj,pst
бутакталуу,adj,pst
буталуу,adj,pst
буткул-буткул,adj,pst
буткулдагы,adj,pst
буткулдай,adj,pst
буткулдуу,adj,pst
буттай,adj,pst
бутталуу,adj,pst
буттуу,adj,pst
бутундагы,adj,pst
буудайдай,adj,pst
буудандай,adj,pst
буудандуу,adj,pst
буудансыз,adj,pst
буулукмалуу,adj,pst
буулуу,adj,pst
буума,adj,pst
буурадай,adj,pst
буурукмалуу,adj,pst
буурул,adj,pst
буурчактай,adj,pst
бучук,adj,pst
бушаймандуу,adj,pst
бүгүлүү,adj,pst
бүгүнкү,adj,pst
бүйрүлүү,adj,pst
бүйүрмөлүү,adj,pst
бүкмөлүү,adj,pst
бүктөлгөндөй,adj,pst
бүктөлүү,adj,pst
бүкүлүү,adj,pst
бүкүр,adj,pst
бүлдүргөлүү,adj,pst
бүлдүркөндүү,adj,pst
бүлөлүү,adj,pst
бүлүү,adj,pst
бүпбүтүн,adj,pst
бүргөдөй,adj,pst
бүрдүү,adj,pst
бүркөк,adj,pst
бүркөлүү,adj,pst
бүркүлүү,adj,pst
бүркүттөй,adj,pst
бүрсүгүнкү,adj,pst
бүрүлүү,adj,pst
бүрүш,adj,pst
бүткөндөй,adj,pst
бүтө,adj,pst
бүтөлүү,adj,pst
бүтөө,adj,pst
бүтүлүү,adj,pst
бүтүн,adj,pst
бүтүндөй,adj,pst
бүчүрлүү,adj,pst
быдырлуу,adj,pst
быйылкы,adj,pst
быкпырдай,adj,pst
былжырлуу,adj,pst
былкылдак,adj,pst
былтыркы,adj,pst
быткылдай,adj,pst
быткылдуу,adj,pst
быттай,adj,pst
бычылуу,adj,pst
быштактай,adj,pst
бышты-чийки,adj,pst
бышыкталуу,adj,pst
бышылуу,adj,pst
бышымдай,adj,pst
бышырылуу,adj,pst
бээдей,adj,pst
бээжиндик,adj,pst
бээлүү,adj,pst
гармониялуу,adj,pst
гениалдуу,adj,pst
глобалдуу,adj,pst
гумандуу,adj,pst
гүлдөй,adj,pst
гүлдүү,adj,pst
гүлүндөй,adj,pst
гүлчөтай,adj,pst
даакылуу,adj,pst
даамдуу,adj,pst
дабыркайлуу,adj,pst
дажаал,adj,pst
дайрадай,adj,pst
дайрасындай,adj,pst
дайын,adj,pst
дайындалуу,adj,pst
дайындуу,adj,pst
дайынсыз,adj,pst
далай,adj,pst
далбардай,adj,pst
далдадагы,adj,pst
далилделүү,adj,pst
далилдүү,adj,pst
далпылдак,adj,pst
далылуу,adj,pst
дамалуу,adj,pst
дамелүү,adj,pst
дандуу,adj,pst
дандырдай,adj,pst
дандырлуу,adj,pst
данышмандуу,adj,pst
даңгыл,adj,pst
даңгылдар,adj,pst
даңгыр,adj,pst
даңгыттай,adj,pst
дапдаана,adj,pst
дапдаяр,adj,pst
даражалуу,adj,pst
дарбазалуу,adj,pst
дардаңдар,adj,pst
дарде,adj,pst
дармандуу,adj,pst
дартмандуу,adj,pst
дарттай,adj,pst
дарттуу,adj,pst
дарылуу,adj,pst
дарымдалуу,adj,pst
дарыялык,adj,pst
дасторкондуу,adj,pst
датталуу,adj,pst
дашказандай,adj,pst
даяр,adj,pst
даярдалуу,adj,pst
даӊазалуу,adj,pst
даӊдуу,adj,pst
даӊкталуу,adj,pst
дегделүү,adj,pst
дегендей,adj,pst
декларативдүү,adj,pst
декоративдүү,adj,pst
делүү,adj,pst
демделүү,adj,pst
демдүү,adj,pst
демейдегидей,adj,pst
демилгелүү,adj,pst
денедеги,adj,pst
денелүү,adj,pst
деңгенедей,adj,pst
деңиздей,adj,pst
дефектилүү,adj,pst
дилгир,adj,pst
дилделик,adj,pst
диндүү,adj,pst
динсиз,adj,pst
дипломдуу,adj,pst
дискурсивдүү,adj,pst
дифференциалдуу,adj,pst
добулбастай,adj,pst
добулдуу,adj,pst
документалдуу,adj,pst
документтелүү,adj,pst
долпуш,adj,pst
долу,adj,pst
долулук,adj,pst
доңуздай,adj,pst
доолбастай,adj,pst
доолдай,adj,pst
доолдой,adj,pst
доолуу,adj,pst
доотайлык,adj,pst
дотай,adj,pst
дөбөдөгү,adj,pst
дөбөдөй,adj,pst
дөбөлүү,adj,pst
дөдөй,adj,pst
дөмбүлдүү,adj,pst
дөңгөчтөй,adj,pst
дөөдөй,adj,pst
дубалдай,adj,pst
дубалдуу,adj,pst
дубандай,adj,pst
дулдугуй,adj,pst
дурус,adj,pst
дурусталуу,adj,pst
душмансыз,adj,pst
дүйнөдөй,adj,pst
дүйнөлүк,adj,pst
дүйнөсүндөй,adj,pst
дүйүм,adj,pst
дүмөктөй,adj,pst
дүмөктүү,adj,pst
дүмөн,adj,pst
дүмпөк,adj,pst
дүмпүк-дүмпүк,adj,pst
дүндүү,adj,pst
дүнүйөдөй,adj,pst
дүнүйөлүк,adj,pst
дүнүйөңдөй,adj,pst
дүңгөр,adj,pst
дүпүлдөк,adj,pst
дүрбөлөӊдүү,adj,pst
дүркүн,adj,pst
дүркүн-дүркүн,adj,pst
дүркүндүү,adj,pst
дүрмөктүү,adj,pst
дүрмөттөлүү,adj,pst
дүӊгөлүү,adj,pst
дыгдырылуу,adj,pst
дырдай,adj,pst
жаадай,adj,pst
жаактуу,adj,pst
жаалдуу,adj,pst
жаалуу,adj,pst
жаалуулар,adj,pst
жаандагы,adj,pst
жаандай,adj,pst
жаандуу,adj,pst
жаан-чачындуу,adj,pst
жаачан,adj,pst
жаачудай,adj,pst
жаачыдай,adj,pst
жабдуу,adj,pst
жабдыкталуу,adj,pst
жабдылуу,adj,pst
жабуулуу,adj,pst
жабыгар,adj,pst
жабыктай,adj,pst
жабылуу,adj,pst
жабырлуу,adj,pst
жагалдуу,adj,pst
жагалмайдай,adj,pst
жагдай,adj,pst
жагдайлуу,adj,pst
жагжайыңкы,adj,pst
жагылуу,adj,pst
жагымдуу,adj,pst
жагыштуу,adj,pst
жадаалдуу,adj,pst
жадаалуу,adj,pst
жадалдуу,adj,pst
жадалуу,adj,pst
жадүгөй,adj,pst
жадүгөйлүү,adj,pst
жадыгөйлүү,adj,pst
жазайылдуу,adj,pst
жазалуу,adj,pst
жазгандай,adj,pst
жазгы,adj,pst
жаздалуу,adj,pst
жазы,adj,pst
жазыксыз,adj,pst
жазыктай,adj,pst
жазылуу,adj,pst
жайгарылуу,adj,pst
жайгаштырылуу,adj,pst
жайдак,adj,pst
жайдакталуу,adj,pst
жайдары,adj,pst
жайдарым,adj,pst
жайкалуу,adj,pst
жайкы,adj,pst
жайлалуу,adj,pst
жайлоодогу,adj,pst
жайлуу,adj,pst
жайма,adj,pst
жаймалама,adj,pst
жайпак,adj,pst
жайсыз,adj,pst
жайык,adj,pst
жайыттагы,adj,pst
жакалуу,adj,pst
жакасыз,adj,pst
жаккы,adj,pst
жактагы,adj,pst
жакталуу,adj,pst
жактырылуу,adj,pst
жакшы,adj,pst
жакшыдай,adj,pst
жакшы-жакшы,adj,pst
жакшы-жаман,adj,pst
жакшылар,adj,pst
жакшыраак,adj,pst
жакы,adj,pst
жакын,adj,pst
жакынкы,adj,pst
жакыр,adj,pst
жалаалуу,adj,pst
жалалуу,adj,pst
жаламалуу,adj,pst
жаланкычтай,adj,pst
жалаң,adj,pst
жалаңгычтай,adj,pst
жалаңкычтай,adj,pst
жалаӊкычтай,adj,pst
жалбыздуу,adj,pst
жалганчы,adj,pst
жалгыз,adj,pst
жалгыз-жарым,adj,pst
жалдуу,adj,pst
жалжагай,adj,pst
жалжал,adj,pst
жал-жал,adj,pst
жалкоо,adj,pst
жалкотой,adj,pst
жалкы,adj,pst
жалкындуу,adj,pst
жалоондой,adj,pst
жалпак,adj,pst
жалпак-жалпак,adj,pst
жалтаң,adj,pst
жалтыр,adj,pst
жалуу,adj,pst
жалындай,adj,pst
жалындуу,adj,pst
жамаачылуу,adj,pst
жамакталуу,adj,pst
жамалуу,adj,pst
жаман,adj,pst
жамандалуу,adj,pst
жамандар,adj,pst
жаманды-жакшы,adj,pst
жаман-жакшы,adj,pst
жаман-жуман,adj,pst
жаманыраак,adj,pst
жамгырдай,adj,pst
жамгырдуу,adj,pst
жамгырлуу,adj,pst
жамдалуу,adj,pst
жанагы,adj,pst
жанагыдай,adj,pst
жанакы,adj,pst
жанакыдай,adj,pst
жаналгычтай,adj,pst
жанаттай,adj,pst
жангазандай,adj,pst
жангандай,adj,pst
жангыз,adj,pst
жандагы,adj,pst
жандардай,adj,pst
жандуу,adj,pst
жандуу-жансыз,adj,pst
жандуулар,adj,pst
жанказандай,adj,pst
жансыз,adj,pst
жантактай,adj,pst
жантык,adj,pst
жанчылуу,adj,pst
жанымдагы,adj,pst
жанындагы,adj,pst
жанындай,adj,pst
жаныңдагы,adj,pst
жаңгактуу,adj,pst
жаңгыз,adj,pst
жаңгыздай,adj,pst
жаңкылар,adj,pst
жаңшаа,adj,pst
жаңы,adj,pst
жаңыдан,adj,pst
жапайы,adj,pst
жапалуу,adj,pst
жапан,adj,pst
жапжалгыз,adj,pst
жапжарык,adj,pst
жапкандай,adj,pst
жапмалуу,adj,pst
жапшырылуу,adj,pst
жапыз,adj,pst
жапыракталуу,adj,pst
жапырактуу,adj,pst
жапыс,adj,pst
жарадар,adj,pst
жарадарлар,adj,pst
жаракалуу,adj,pst
жаракаттуу,adj,pst
жараксыз,adj,pst
жарактуу,adj,pst
жаралуу,adj,pst
жаралуулар,adj,pst
жарамдуу,adj,pst
жараттуу,adj,pst
жаратылуу,adj,pst
жаргактай,adj,pst
жаргандай,adj,pst
жардай,adj,pst
жардактагы,adj,pst
жардуу,adj,pst
жарды,adj,pst
жардырылуу,adj,pst
жаркындуу,adj,pst
жарлуу,adj,pst
жартылуу,adj,pst
жартымдуу,adj,pst
жартысындай,adj,pst
жаруучудай,adj,pst
жарыдай,adj,pst
жарык,adj,pst
жарыктуу,adj,pst
жарыкы,adj,pst
жарылуу,adj,pst
жарым,adj,pst
жарымдалуу,adj,pst
жарымдуу,adj,pst
жарымчалык,adj,pst
жарытылуу,adj,pst
жарытымдуу,adj,pst
жасалгалуу,adj,pst
жасалмалуу,adj,pst
жасалуу,adj,pst
жаскакталуу,adj,pst
жаткандай,adj,pst
жаткырылуу,adj,pst
жатталуу,adj,pst
жаш,adj,pst
жашаӊдуу,adj,pst
жаш-кары,adj,pst
жаштай,adj,pst
жаштайында,adj,pst
жаштоо,adj,pst
жашыгандай,adj,pst
жашыл,adj,pst
жашылала,adj,pst
жашылдуу,adj,pst
жашырылуу,adj,pst
жаялуу,adj,pst
жаӊжалдуу,adj,pst
жаӊылуу,adj,pst
жебедей,adj,pst
жебелүү,adj,pst
жебил,adj,pst
жегендей,adj,pst
жедигердей,adj,pst
жездүү,adj,pst
жейрендей,adj,pst
жеке,adj,pst
жеке-жеке-жеке,adj,pst
жекейбоздой,adj,pst
жекендүү,adj,pst
желаргылуу,adj,pst
желбегей,adj,pst
желбегендей,adj,pst
желбелүү,adj,pst
желдей,adj,pst
желдүү,adj,pst
желедеги,adj,pst
желектей,adj,pst
желектүү,adj,pst
желелүү,adj,pst
желелүүнү,adj,pst
желимдүү,adj,pst
желиндей,adj,pst
желиндүү,adj,pst
желкайыктай,adj,pst
желкедей,adj,pst
желкесиз,adj,pst
желмаяндай,adj,pst
желмогуздай,adj,pst
жембаштыктай,adj,pst
жемелүү,adj,pst
жемирилүү,adj,pst
жеңгисиз,adj,pst
жеңдей,adj,pst
жеңил,adj,pst
жепжеке,adj,pst
жергедеги,adj,pst
жергелеш,adj,pst
жергелүү,adj,pst
жергенттик,adj,pst
жердеги,adj,pst
жердей,adj,pst
жердүү,adj,pst
жериндей,adj,pst
жерлүү,adj,pst
жерсиз,adj,pst
жер-суудагы,adj,pst
жесирдей,adj,pst
жетектелүү,adj,pst
жетелүү,adj,pst
жетесиз,adj,pst
жетигирээк,adj,pst
жетик,adj,pst
жетиктер,adj,pst
жетилүү,adj,pst
жетим,adj,pst
жетимдей,adj,pst
жеткендей,adj,pst
жеткил,adj,pst
жеткилең,adj,pst
жеткилеңдер,adj,pst
жеткилиңдүү,adj,pst
жеткис,adj,pst
жеткисиз,adj,pst
жетүүчүдөй,adj,pst
жешилүү,adj,pst
жеӊгетай,adj,pst
жеӊдүү,adj,pst
жеӊелүү,adj,pst
жеӊилүү,adj,pst
жеӊкетай,adj,pst
жибектей,adj,pst
жиберилүү,adj,pst
жигердүү,adj,pst
жигерлүү,adj,pst
жигиттей,adj,pst
жижиӊдүү,adj,pst
жийделүү,adj,pst
жиликтелүү,adj,pst
жинди,adj,pst
жиндидей,adj,pst
жиндүү,adj,pst
жипсиз,adj,pst
жиптей,adj,pst
жобогондой,adj,pst
жобогоңдуу,adj,pst
жоболондуу,adj,pst
жоболоңдуу,adj,pst
жоболуу,adj,pst
жобон,adj,pst
жогдорлуу,adj,pst
жоголуу,adj,pst
жогорку,adj,pst
жогорулатылуу,adj,pst
жоготулуу,adj,pst
жойболоттой,adj,pst
жойкундалуу,adj,pst
жойкундуу,adj,pst
жоксондуу,adj,pst
жоктолуу,adj,pst
жолборстой,adj,pst
жолдогу,adj,pst
жолдой,adj,pst
жолдуу,adj,pst
жолкуу,adj,pst
жолоочудай,adj,pst
жолсуз,adj,pst
жолтолуу,adj,pst
жолумдуу,adj,pst
жомоктолуу,adj,pst
жонгондой,adj,pst
жондуу,adj,pst
жонумдуу,adj,pst
жонундагы,adj,pst
жоодой,adj,pst
жоодур,adj,pst
жоолуктуу,adj,pst
жоолукчан,adj,pst
жоомарт,adj,pst
жоон,adj,pst
жооптолуу,adj,pst
жоордуу,adj,pst
жоош,adj,pst
жоошураак,adj,pst
жорголуу,adj,pst
жордай,adj,pst
жоролуу,adj,pst
жортолмон,adj,pst
жортуулчудай,adj,pst
жорудай,adj,pst
жоруксуз,adj,pst
жоруктуу,adj,pst
жорулуу,adj,pst
жорумалуу,adj,pst
жорупталуу,adj,pst
жосундуу,adj,pst
жосунсуз,adj,pst
жотолуу,adj,pst
жошодой,adj,pst
жошолуу,adj,pst
жошулуу,adj,pst
жоюлуу,adj,pst
жөжөлүү,adj,pst
жөлөлүү,adj,pst
жөндөлүү,adj,pst
жөндөмдүү,adj,pst
жөндүү,adj,pst
жөнөлүү,adj,pst
жөнөтүлүү,adj,pst
жөнсүз,adj,pst
жөнчүл,adj,pst
жөөлүү,adj,pst
жөөтумандай,adj,pst
жөргөмлөлүү,adj,pst
жөтөлүү,adj,pst
жубандай,adj,pst
жубардай,adj,pst
жугумдуу,adj,pst
жугумталдуу,adj,pst
жудай,adj,pst
жудуруктай,adj,pst
жука,adj,pst
жукартылуу,adj,pst
жулгандай,adj,pst
жулуу,adj,pst
жумук,adj,pst
жумулуу,adj,pst
жумулчуудай,adj,pst
жумурткадай,adj,pst
жумурткалуу,adj,pst
жумуру,adj,pst
жумшак,adj,pst
жумшакталуу,adj,pst
жумшалуу,adj,pst
жумшартылуу,adj,pst
жупжуда,adj,pst
жупталуу,adj,pst
жуптуу,adj,pst
журдай,adj,pst
журттай,adj,pst
журттуу,adj,pst
жуткандай,adj,pst
жуткундай,adj,pst
жутулуу,adj,pst
жутуучудай,adj,pst
жуукуй,adj,pst
жуулуу,adj,pst
жуураттай,adj,pst
жуурулуу,adj,pst
жуушатылуу,adj,pst
жүгүргөндөй,adj,pst
жүгүрмө,adj,pst
жүгүрүк,adj,pst
жүдөө,adj,pst
жүздүктөй,adj,pst
жүздүү,adj,pst
жүзүкара,adj,pst
жүзүмдүү,adj,pst
жүйөкөр,adj,pst
жүйөлүү,adj,pst
жүйөөлүү,adj,pst
жүйрүк,adj,pst
жүктөлүү,adj,pst
жүктүү,adj,pst
жүкчүл,adj,pst
жүлүндөй,adj,pst
жүндөй,adj,pst
жүндүү,adj,pst
жүнүндөй,adj,pst
жүргөндөй,adj,pst
жүргүс,adj,pst
жүргүсүз,adj,pst
жүрөктөгү,adj,pst
жүрөктөй,adj,pst
жүрөктөш,adj,pst
жүрөктүү,adj,pst
жыгадай,adj,pst
жыгалуу,adj,pst
жыгачтай,adj,pst
жыгылгандай,adj,pst
жыгылуу,adj,pst
жыгылчудай,adj,pst
жыгылчуудай,adj,pst
жыдуу,adj,pst
жыйнакталуу,adj,pst
жыйналуу,adj,pst
жыйнатылуу,adj,pst
жыйнаштырылуу,adj,pst
жыйрылуу,adj,pst
жыйылмалуу,adj,pst
жыйылуу,adj,pst
жыйынтык,adj,pst
жыйынтыкталуу,adj,pst
жыккандай,adj,pst
жылаажындай,adj,pst
жылаажындуу,adj,pst
жылаандай,adj,pst
жыландай,adj,pst
жыландуу,adj,pst
жылаң,adj,pst
жылаңайлак,adj,pst
жылаңач,adj,pst
жылаңаяк,adj,pst
жылаңбаш,adj,pst
жылас,adj,pst
жыластар,adj,pst
жылаӊачталуу,adj,pst
жылгалуу,adj,pst
жылгандай,adj,pst
жылгындуу,adj,pst
жылгыс,adj,pst
жылдыздай,adj,pst
жылдыздуу,adj,pst
жылдык,adj,pst
жылкыдагы,adj,pst
жылкыдай,adj,pst
жылкылуу,adj,pst
жылма,adj,pst
жылтыргандуу,adj,pst
жылтыркандуу,adj,pst
жылуу,adj,pst
жылуу-жумшак,adj,pst
жылчыксыз,adj,pst
жылымтал,adj,pst
жымсалдуу,adj,pst
жымырылуу,adj,pst
жыңайлак,adj,pst
жыпардуу,adj,pst
жыпарлуу,adj,pst
жыпжылаңач,adj,pst
жыпжылас,adj,pst
жыпжылма,adj,pst
жыпжылуу,adj,pst
жыргалдуу,adj,pst
жыргатчуудай,adj,pst
жыртылуу,adj,pst
жырык,adj,pst
жыш,adj,pst
жышаналуу,adj,pst
жышылуу,adj,pst
жээктүү,adj,pst
жээрде,adj,pst
жээрдече,adj,pst
жээрендей,adj,pst
заардуу,adj,pst
заарлуу,adj,pst
закымдаш,adj,pst
залалдуу,adj,pst
залим,adj,pst
залимдер,adj,pst
залкар,adj,pst
заңгел,adj,pst
запасталуу,adj,pst
зардалдай,adj,pst
зерлүү,adj,pst
зоңкоктой,adj,pst
зоодай,adj,pst
зоодой,adj,pst
зоосундай,adj,pst
зор,adj,pst
зордуу,adj,pst
зорлор,adj,pst
зөөкүр,adj,pst
зулум,adj,pst
зымындай,adj,pst
зындандагы,adj,pst
зыяндуу,adj,pst
зээндүү,adj,pst
идердүү,adj,pst
идерлүү,adj,pst
изоляторлуу,adj,pst
ийгендей,adj,pst
ийиктей,adj,pst
ийилүү,adj,pst
ийиндей,adj,pst
ийиндүү,adj,pst
ийирилүү,adj,pst
ийкемдүү,adj,pst
ийлендүү,adj,pst
ийниндеги,adj,pst
ийри,adj,pst
ийри-буйру,adj,pst
ийри-муйру,adj,pst
ийчүдөй,adj,pst
ийчүүдөй,adj,pst
илбирстей,adj,pst
илгерки,adj,pst
илгич,adj,pst
илектүү,adj,pst
илилүү,adj,pst
илимдүү,adj,pst
илмектей,adj,pst
иммуногендүү,adj,pst
индивидуалдуу,adj,pst
инектей,adj,pst
инклюзивдүү,adj,pst
инструктаждуу,adj,pst
интенсивдүү,adj,pst
инфекциялуу,adj,pst
иргелүү,adj,pst
иргилүү,adj,pst
ирделүү,adj,pst
ирдүү,adj,pst
ирендүү,adj,pst
иреттелүү,adj,pst
ириӊдүү,adj,pst
иррационалдуу,adj,pst
итей,adj,pst
ителгидей,adj,pst
иткелдүү,adj,pst
иттей,adj,pst
ичиндеги,adj,pst
ичиңдеги,adj,pst
ичке,adj,pst
ичкендей,adj,pst
ичкертилүү,adj,pst
ичтеги,adj,pst
ишенимдүү,adj,pst
иштеги,adj,pst
иштетилүү,adj,pst
иштүү,adj,pst
иштүүлөр,adj,pst
каадалуу,adj,pst
каадасыз,adj,pst
каалагандай,adj,pst
каалгадай,adj,pst
каалгалуу,adj,pst
каамытталуу,adj,pst
каардуу,adj,pst
каарлангандай,adj,pst
каарлуу,adj,pst
каармандай,adj,pst
каарылуу,adj,pst
кабактай,adj,pst
кабардуу,adj,pst
кабарсыз,adj,pst
кабатталуу,adj,pst
кабыландай,adj,pst
кабылдуу,adj,pst
кабылуу,adj,pst
кабындай,adj,pst
кабыргалуу,adj,pst
кабырылуу,adj,pst
кагылуу,adj,pst
кагыштуу,adj,pst
кадалгандай,adj,pst
кадалуу,adj,pst
кадамдай,adj,pst
кадиксиз,adj,pst
кадиктүү,adj,pst
кадимки,adj,pst
кадимкидей,adj,pst
кадоодой,adj,pst
кадоолуу,adj,pst
кадырдуу,adj,pst
кадырлуу,adj,pst
кадырман,adj,pst
кадыртүндөй,adj,pst
кадыртүндөйбүз,adj,pst
кадыртүнүндөй,adj,pst
кажалуу,adj,pst
кажардуу,adj,pst
кажарлуу,adj,pst
казамбактай,adj,pst
казандагы,adj,pst
казандай,adj,pst
казандуу,adj,pst
казанкаптай,adj,pst
казанпактай,adj,pst
казаптуу,adj,pst
казгалдактай,adj,pst
казгандай,adj,pst
каздай,adj,pst
казыктай,adj,pst
казыкталуу,adj,pst
казылуу,adj,pst
казыналуу,adj,pst
казыналык,adj,pst
казырлуу,adj,pst
кайбана,adj,pst
кайгактуу,adj,pst
кайгыл-кычкыл,adj,pst
кайгылуу,adj,pst
кайгыргандай,adj,pst
кайгысыз,adj,pst
кайдагы,adj,pst
кайкайыңкы,adj,pst
кайкалак,adj,pst
кайкалаң,adj,pst
кайкыдагы,adj,pst
кайкыраак,adj,pst
каймактай,adj,pst
каймалуу,adj,pst
каймана,adj,pst
кайманалуу,adj,pst
кайнак,adj,pst
кайналуу,adj,pst
кайнамдай,adj,pst
кайнардуу,adj,pst
кайнарлуу,adj,pst
кайнаталуу,adj,pst
кайнатамдай,adj,pst
кайнатылуу,adj,pst
кайралуу,adj,pst
кайратсыз,adj,pst
кайраттуу,adj,pst
кайраттуулар,adj,pst
кайраттууңар,adj,pst
кайраттууңдан,adj,pst
кайрыдиндүү,adj,pst
кайрылбастай,adj,pst
кайрылгыс,adj,pst
кайрылгысыз,adj,pst
кайрылуу,adj,pst
кайрылыштуу,adj,pst
кайрымдуу,adj,pst
кайсар,adj,pst
кайсындай,adj,pst
кайткысыз,adj,pst
кайтүрлүү,adj,pst
кайыктай,adj,pst
кайылуу,adj,pst
кайындуу,adj,pst
кайыненелүү,adj,pst
кайыптай,adj,pst
кайыптуу,adj,pst
кайырдуу,adj,pst
кайырлуу,adj,pst
кайыштай,adj,pst
какаардуу,adj,pst
какандагы,adj,pst
какандык,adj,pst
каканчалуу,adj,pst
каканчылуу,adj,pst
какбаш,adj,pst
какталуу,adj,pst
какшык,adj,pst
какырдуу,adj,pst
какырлуу,adj,pst
калаалуу,adj,pst
калаалуудай,adj,pst
калаасындай,adj,pst
калабаалуу,adj,pst
калабалуу,adj,pst
калабасыз,adj,pst
калайлуу,adj,pst
калаймандуу,adj,pst
калактай,adj,pst
калалуу,adj,pst
калбайыңкы,adj,pst
калбалуу,adj,pst
калбастай,adj,pst
калгадай,adj,pst
калгандай,adj,pst
калгысыз,adj,pst
калдайлуу,adj,pst
калдуу,adj,pst
калемдей,adj,pst
калкандай,adj,pst
калксыз,adj,pst
калктуу,adj,pst
калкымдагы,adj,pst
калкындай,adj,pst
калмактай,adj,pst
калмактардай,adj,pst
калпактуу,adj,pst
калпыс,adj,pst
калтырылуу,adj,pst
калтыс,adj,pst
калыбет,adj,pst
калың,adj,pst
калыӊдалуу,adj,pst
камалуу,adj,pst
камандай,adj,pst
камбардай,adj,pst
камбыл,adj,pst
камбылдуу,adj,pst
камбылыраак,adj,pst
камгактай,adj,pst
камдануу,adj,pst
камдуу,adj,pst
камоодогу,adj,pst
камсыз,adj,pst
камсыздалуу,adj,pst
камсыздандырылуу,adj,pst
камчыдай,adj,pst
камчылуу,adj,pst
камчычан,adj,pst
камылгалуу,adj,pst
камыштай,adj,pst
камыштуу,adj,pst
канатсыз,adj,pst
канаттай,adj,pst
канаттуу,adj,pst
канаттуулар,adj,pst
канбардай,adj,pst
кангандай,adj,pst
кандайлык,adj,pst
кандим,adj,pst
канды,adj,pst
канжарлуу,adj,pst
канжыгадай,adj,pst
канжыгалуу,adj,pst
канзаададай,adj,pst
кансыз,adj,pst
каныткалуу,adj,pst
каңгайдагы,adj,pst
каңгайлык,adj,pst
каңгылуу,adj,pst
каңшаак,adj,pst
кападар,adj,pst
капалуу,adj,pst
капарсыз,adj,pst
капастык,adj,pst
капилетсиз,adj,pst
капия,adj,pst
капкадагы,adj,pst
капкайда,adj,pst
капкайдагы,adj,pst
кап-кайдагы,adj,pst
капкактуу,adj,pst
капкалуу,adj,pst
капкалык,adj,pst
капкандай,adj,pst
капкара,adj,pst
капкараңгы,adj,pst
капсалаӊдуу,adj,pst
капсыз,adj,pst
каптай,adj,pst
капталдуу,adj,pst
капталуу,adj,pst
каптачуудай,adj,pst
капчалдай,adj,pst
капчалдуу,adj,pst
капчыгайдай,adj,pst
капчыгайлуу,adj,pst
капшыттагы,adj,pst
капыя,adj,pst
кара,adj,pst
караалдуу,adj,pst
караалуу,adj,pst
караандай,adj,pst
караандуу,adj,pst
караансыз,adj,pst
карабашыл,adj,pst
карабет,adj,pst
карабоз,adj,pst
карабуурул,adj,pst
карагайдай,adj,pst
карагайлуу,adj,pst
карагандуу,adj,pst
карагаттай,adj,pst
карагашка,adj,pst
карагер,adj,pst
карагочкул,adj,pst
карагөк,adj,pst
карагөңүл,adj,pst
карагурттай,adj,pst
карагүрөң,adj,pst
карагызыл,adj,pst
карагыс,adj,pst
каражалдуу,adj,pst
каражатталуу,adj,pst
каражолдуу,adj,pst
каражолтой,adj,pst
каракандай,adj,pst
каракурттай,adj,pst
караламан,adj,pst
каралдуу,adj,pst
каралжын,adj,pst
каралуудай,adj,pst
карамалуу,adj,pst
карамдуу,adj,pst
карамүртөз,adj,pst
карангы,adj,pst
карандай,adj,pst
карандуу,adj,pst
караниет,adj,pst
каранээт,adj,pst
караңгы,adj,pst
карап,adj,pst
караргандай,adj,pst
карарыңкы,adj,pst
карасанатай,adj,pst
карасур,adj,pst
каратажаал,adj,pst
караталдай,adj,pst
каратору,adj,pst
каратылуу,adj,pst
карача,adj,pst
карачаар,adj,pst
каргадай,adj,pst
каргашалуу,adj,pst
каргылуу,adj,pst
кардай,adj,pst
кардуу,adj,pst
каржалуу,adj,pst
карик,adj,pst
каркырадай,adj,pst
каркыралуу,adj,pst
карлуу,adj,pst
кармалуу,adj,pst
кароолдогу,adj,pst
кароолсуз,adj,pst
карөзгөй,adj,pst
каруулуу,adj,pst
карчыгадай,adj,pst
каршы,adj,pst
карыдагы,adj,pst
кары-жаш,adj,pst
карыздуу,adj,pst
карыккандай,adj,pst
кары-куру,adj,pst
карылуу,adj,pst
карындай,adj,pst
карыпчылуу,adj,pst
карышкырдай,adj,pst
карыштай,adj,pst
касабадай,adj,pst
касабалуу,adj,pst
касаптуу,adj,pst
касиеттүү,adj,pst
касиреттүү,adj,pst
каспандык,adj,pst
каспаңдуу,adj,pst
каспаңдык,adj,pst
кастарлуу,adj,pst
касыреттүү,adj,pst
катаал,adj,pst
катаалдуу,adj,pst
катардагы,adj,pst
катардуу,adj,pst
катарлуу,adj,pst
катасыз,adj,pst
каткалаң,adj,pst
каткандай,adj,pst
катмарлуу,adj,pst
каттагыс,adj,pst
катталуу,adj,pst
катуу-катуу,adj,pst
катуурак,adj,pst
катыкталуу,adj,pst
катылуу,adj,pst
катындай,adj,pst
катынсыз,adj,pst
катыштырылуу,adj,pst
каухардай,adj,pst
качкандай,adj,pst
качкыжалтак,adj,pst
качкыс,adj,pst
качыргандай,adj,pst
качырдагы,adj,pst
качырчан,adj,pst
кашаттуу,adj,pst
кашатчадай,adj,pst
кашектелүү,adj,pst
кашка,adj,pst
каш-кабактай,adj,pst
кашкайыңкы,adj,pst
кашкарлык,adj,pst
каштуу,adj,pst
кашыктай,adj,pst
кашындагы,adj,pst
кашыңдагы,adj,pst
каяшалуу,adj,pst
каӊдалуу,adj,pst
каӊтаргалуу,adj,pst
каӊтарылуу,adj,pst
кебе,adj,pst
кебездей,adj,pst
кебелүү,adj,pst
кеберсиңки,adj,pst
кедей,adj,pst
кедик,adj,pst
кежел,adj,pst
кежир,adj,pst
кездеги,adj,pst
кездей,adj,pst
кезексиз,adj,pst
кезектүү,adj,pst
кезиндей,adj,pst
кейигендей,adj,pst
кейипсиз,adj,pst
кейиптүү,adj,pst
кейиштүү,adj,pst
кекеткендей,adj,pst
кексе,adj,pst
кектүү,adj,pst
кекээрдүү,adj,pst
кекээрлүү,adj,pst
келбегендей,adj,pst
келбер,adj,pst
келбеттүү,adj,pst
келгендей,adj,pst
келгис,adj,pst
келгисиз,adj,pst
келдекей,adj,pst
келептелүү,adj,pst
келерки,adj,pst
келесоо,adj,pst
келиндей,adj,pst
келишимдүү,adj,pst
келки,adj,pst
келтеңирек,adj,pst
келтирилүү,adj,pst
кемантай,adj,pst
кемегедей,adj,pst
кемедей,adj,pst
кемердүү,adj,pst
кемчил,adj,pst
кенедей,adj,pst
кенже,adj,pst
кентундук,adj,pst
кең,adj,pst
кеңилүү,adj,pst
кеңири,adj,pst
кеңирээк,adj,pst
кең-кесири,adj,pst
кепинсиз,adj,pst
кепкектелүү,adj,pst
кепкең,adj,pst
кербездүү,adj,pst
керегарыш,adj,pst
керегелүү,adj,pst
керегулач,adj,pst
керектүү,adj,pst
керемет,adj,pst
кереметтүү,adj,pst
кереметүү,adj,pst
керенелүү,adj,pst
керең,adj,pst
кересөөм,adj,pst
кереттүү,adj,pst
керештүү,adj,pst
керидей,adj,pst
керикчен,adj,pst
керилүү,adj,pst
керимселдүү,adj,pst
кермедей,adj,pst
керстендей,adj,pst
керүүдөй,adj,pst
керээттүү,adj,pst
кеселдүү,adj,pst
кесимдүү,adj,pst
кесирдүү,adj,pst
кесиреттүү,adj,pst
кесиретүү,adj,pst
кесирлүү,adj,pst
кески,adj,pst
кескисиз,adj,pst
кетердей,adj,pst
кетечен,adj,pst
кетирилүү,adj,pst
кеткендей,adj,pst
кеткис,adj,pst
кеткисиз,adj,pst
кетмендей,adj,pst
кетте,adj,pst
кетте-кичик,adj,pst
кетүүчүдөй,adj,pst
кечеги,adj,pst
кечеки,adj,pst
кечилүү,adj,pst
кечиримдүү,adj,pst
кечки,adj,pst
кечкил,adj,pst
кечүүдөгү,adj,pst
кештелүү,adj,pst
кеӊитилүү,adj,pst
кийилүү,adj,pst
кийимдүү,adj,pst
кийинки,adj,pst
килек,adj,pst
килиттелүү,adj,pst
кир,adj,pst
киргендей,adj,pst
киргизилүү,adj,pst
киргил,adj,pst
кирдүү,adj,pst
кирердей,adj,pst
кирешелүү,adj,pst
кирпиктей,adj,pst
кичик,adj,pst
кичине,adj,pst
кичүү,adj,pst
кишенделүү,adj,pst
кишендүү,adj,pst
кишидей,adj,pst
кишилик,adj,pst
киштелүү,adj,pst
клеткалуу,adj,pst
климатташтырылуу,adj,pst
кобул,adj,pst
коёндой,adj,pst
кожодой,adj,pst
кожохандуу,adj,pst
козголгус,adj,pst
козголоңдуу,adj,pst
козголоӊдуу,adj,pst
козголуу,adj,pst
козулуу,adj,pst
койбостой,adj,pst
койгондой,adj,pst
койгусуз,adj,pst
койдой,adj,pst
койкалуу,adj,pst
койлук,adj,pst
койлуу,adj,pst
койнундагы,adj,pst
кокодой,adj,pst
коколуу,adj,pst
кокондогу,adj,pst
кокондук,adj,pst
коктудагы,adj,pst
коктулуу,adj,pst
колдогу,adj,pst
колдой,adj,pst
колдомолуу,adj,pst
колдонулуу,adj,pst
колколуу,adj,pst
коллегиялуу,adj,pst
коллективдештирилүү,adj,pst
коллективдүү,adj,pst
кололуу,adj,pst
колоңдой,adj,pst
колосолуу,adj,pst
колоттогу,adj,pst
колоттой,adj,pst
колотундай,adj,pst
колоӊсолуу,adj,pst
колтой,adj,pst
колумдагы,adj,pst
колундагы,adj,pst
колуңдагы,adj,pst
колхоздоштурулуу,adj,pst
колчон,adj,pst
комдолуу,adj,pst
комдуу,adj,pst
комментарийлүү,adj,pst
комокойлуу,adj,pst
компилятивдүү,adj,pst
комсоо,adj,pst
комуздай,adj,pst
комуттуу,adj,pst
комфортабелдүү,adj,pst
конгондой,adj,pst
кондурдай,adj,pst
коноктолуу,adj,pst
конолголуу,adj,pst
консервативдүү,adj,pst
конспиративдүү,adj,pst
конструкциялуу,adj,pst
концептуалдуу,adj,pst
коңгуролуу,adj,pst
коңгуроолуу,adj,pst
коңур,adj,pst
коңурбуурул,adj,pst
коогалуу,adj,pst
кооз,adj,pst
кооздолуу,adj,pst
коомдоштурулуу,adj,pst
коондой,adj,pst
кооперативдештирилүү,adj,pst
коопсуз,adj,pst
кооптуу,adj,pst
коосуз,adj,pst
копол,adj,pst
копшолуу,adj,pst
корголдой,adj,pst
корголуу,adj,pst
коргондой,adj,pst
коргошундай,adj,pst
кордолуу,adj,pst
кордуктагы,adj,pst
кордукталуу,adj,pst
коркок,adj,pst
коркунчаак,adj,pst
короздой,adj,pst
коромжулуу,adj,pst
корооздой,adj,pst
короолой,adj,pst
короолуу,adj,pst
коросондуу,adj,pst
коротулуу,adj,pst
корт,adj,pst
корумдалуу,adj,pst
корумдуу,adj,pst
котондук,adj,pst
которулуу,adj,pst
кочкордой,adj,pst
кочкул,adj,pst
кош,adj,pst
кош-кош,adj,pst
кошмоктолуу,adj,pst
кошмолуу,adj,pst
кошоктолуу,adj,pst
кошолоңдуу,adj,pst
коштогу,adj,pst
коштолуу,adj,pst
коштоодогу,adj,pst
кошумчалуу,adj,pst
коюлуу,adj,pst
коюраак,adj,pst
коӊгуроодой,adj,pst
коӊгуроолуу,adj,pst
коӊторулуу,adj,pst
көбөйтүлүү,adj,pst
көбөктөй,adj,pst
көбөөттөгү,adj,pst
көбүргөндүү,adj,pst
көбүрттүү,adj,pst
көгала,adj,pst
көгаладай,adj,pst
көгаладан,adj,pst
көгаланын,adj,pst
көгөндөлүү,adj,pst
көдөөлүү,adj,pst
көжөлүү,adj,pst
көзайнектей,adj,pst
көзбоочудай,adj,pst
көздөлүү,adj,pst
көздүү,adj,pst
көздүүлөр,adj,pst
көзөлүү,adj,pst
көзүндөгү,adj,pst
көзүндөй,adj,pst
көзчөн,adj,pst
көйгашка,adj,pst
көйгашкалар,adj,pst
көйкаптагы,adj,pst
көйкөлүү,adj,pst
көйнөктөй,adj,pst
көйнөкчөн,adj,pst
көйрөң,adj,pst
көк,adj,pst
көкбөрүдөй,adj,pst
көкжалтаң,adj,pst
көкжашык,adj,pst
көкжашыл,adj,pst
көкжоргодой,adj,pst
көккашка,adj,pst
көкмө,adj,pst
көксоо,adj,pst
көксур,adj,pst
көктөгү,adj,pst
көктөйүндө,adj,pst
көктөлүү,adj,pst
көктөмөдөй,adj,pst
көктөмүдөй,adj,pst
көкүлдүү,adj,pst
көл-дайрадай,adj,pst
көлдөй,adj,pst
көлөкөлүү,adj,pst
көлөмдүү,adj,pst
көлүктүү,adj,pst
көмгөндөй,adj,pst
көмкөрүлүү,adj,pst
көмөкөйлүү,adj,pst
көмөрүлүү,adj,pst
көмүлүү,adj,pst
көмүрдөй,adj,pst
көмүскө,adj,pst
көмүүсүз,adj,pst
көнгөндөй,adj,pst
көнөктөй,adj,pst
көнөчөктөй,adj,pst
көңдөй,adj,pst
көңтөрүлүү,adj,pst
көңүлдөгү,adj,pst
көңүлдөгүдөй,adj,pst
көңүлдүү,adj,pst
көңүлкош,adj,pst
көңүлсүз,adj,pst
көөдөгүрөөк,adj,pst
көөдөй,adj,pst
көөдөк,adj,pst
көөдөндөгү,adj,pst
көөдөнсүз,adj,pst
көөкөрдөй,adj,pst
көөлүү,adj,pst
көөндүүлөр,adj,pst
көөрүктөгү,adj,pst
көөрүктүү,adj,pst
көөсөр,adj,pst
көөсүндөй,adj,pst
көп,adj,pst
көпкөк,adj,pst
көпкөлөң,adj,pst
көпкүлөң,adj,pst
көптүрүлүү,adj,pst
көрбөгөндөй,adj,pst
көргөндөй,adj,pst
көргүс,adj,pst
көргүсүз,adj,pst
көргүч,adj,pst
көрдөй,adj,pst
көркоо,adj,pst
көркөм,adj,pst
көркөмдөлүү,adj,pst
көркөмдүү,adj,pst
көркөмүрөөк,adj,pst
көрксүз,adj,pst
көрктөлүү,adj,pst
көрктүү,adj,pst
көрөгөч,adj,pst
көрөңгөлүү,adj,pst
көрөөгөч,adj,pst
көрөсөндүү,adj,pst
көрөсөңдүү,adj,pst
көрсөтүлүү,adj,pst
көрүктүү,adj,pst
көрүлүү,adj,pst
көрүмдүү,adj,pst
көрүнгүс,adj,pst
көрчөгөлүү,adj,pst
көсөлүү,adj,pst
көсөмүрөөк,adj,pst
көткү,adj,pst
көтөргүс,adj,pst
көтөрмөлүү,adj,pst
көтөрүлүү,adj,pst
көтөрүмдүү,adj,pst
көчкөндөй,adj,pst
көчкүлүү,adj,pst
көчмөндүү,adj,pst
көчөдөгү,adj,pst
көчөттөлүү,adj,pst
көчтөй,adj,pst
көчүлүү,adj,pst
көчүргөндөй,adj,pst
көчүртүлүү,adj,pst
көчүрүлүү,adj,pst
көшүлүү,adj,pst
кубангандай,adj,pst
кубангысыз,adj,pst
кубанычтуу,adj,pst
кубаң,adj,pst
кубатталуу,adj,pst
кубаттуу,adj,pst
кубулуу,adj,pst
кудук-кудук,adj,pst
кудуктай,adj,pst
кудуктуу,adj,pst
кудуу,adj,pst
кужурлуу,adj,pst
кузгундай,adj,pst
куйгандай,adj,pst
куйкумдуу,adj,pst
куйругундай,adj,pst
куйруктуу,adj,pst
куйту,adj,pst
кулактуу,adj,pst
куландай,adj,pst
кулатылуу,adj,pst
кулача,adj,pst
кулачтай,adj,pst
кулачтуу,adj,pst
кулгуналуу,adj,pst
кулдай,adj,pst
кулжадай,adj,pst
кулпулуу,adj,pst
кулук,adj,pst
кулундай,adj,pst
кулундуу,adj,pst
кулун-тайдай,adj,pst
кумайлуу,adj,pst
кумардуу,adj,pst
кумарлуу,adj,pst
кумгандай,adj,pst
кумдагы,adj,pst
кумдай,adj,pst
кумдуу,adj,pst
кумсайыңкы,adj,pst
кумурскадай,adj,pst
кунандай,adj,pst
кунарлуу,adj,pst
кундактагы,adj,pst
кундактай,adj,pst
кундактуу,adj,pst
кундуздай,adj,pst
кундуздалуу,adj,pst
куралдуу,adj,pst
куралуу,adj,pst
куранды,adj,pst
курбулуу,adj,pst
кургак,adj,pst
кургактагы,adj,pst
курдай,adj,pst
курдуу,adj,pst
куржундагы,adj,pst
куркулдай,adj,pst
курсактагы,adj,pst
курсакташ,adj,pst
курсанттуу,adj,pst
курттай,adj,pst
куртчалык,adj,pst
курултай,adj,pst
курулуу,adj,pst
куруттай,adj,pst
курч,adj,pst
курчалуу,adj,pst
курчтуу,adj,pst
курчтуусун,adj,pst
кусалуу,adj,pst
куткарылуу,adj,pst
кутман,adj,pst
кутмандуу,adj,pst
куттукталуу,adj,pst
куттуу,adj,pst
кутудагы,adj,pst
кутулгус,adj,pst
кутулуу,adj,pst
кутургандай,adj,pst
кутурчудай,adj,pst
куу,adj,pst
куубаш,adj,pst
куугандай,adj,pst
куугундалуу,adj,pst
куугунтукталуу,adj,pst
куудай,adj,pst
куудул,adj,pst
куудуңкөй,adj,pst
куудурулуу,adj,pst
куужолтой,adj,pst
куулуу,adj,pst
куурайдай,adj,pst
куургандай,adj,pst
куурулуу,adj,pst
куушурулуу,adj,pst
куштай,adj,pst
кушубак,adj,pst
кушундай,adj,pst
кушуңдай,adj,pst
куюлуу,adj,pst
куюндай,adj,pst
куюндуу,adj,pst
куюшкандалуу,adj,pst
куюшкандуу,adj,pst
куюшкансыз,adj,pst
куюштурулуу,adj,pst
куюшундай,adj,pst
күбөктөй,adj,pst
күбөлүү,adj,pst
күбүлүү,adj,pst
күдөрүдөй,adj,pst
күдүң,adj,pst
күдүрлүү,adj,pst
күжүрмөн,adj,pst
күзгүдөй,adj,pst
күзгүлүү,adj,pst
күздүк,adj,pst
күзөлүү,adj,pst
күйгөндөй,adj,pst
күймөлүү,adj,pst
күйөөдөй,adj,pst
күйөөлүү,adj,pst
күйпөлүү,adj,pst
күйпүл,adj,pst
күйүмдүү,adj,pst
күйүттүү,adj,pst
күйшөлүү,adj,pst
күк,adj,pst
күкүктөй,adj,pst
күкүмдөлүү,adj,pst
күкүмдүү,adj,pst
күлгөндөй,adj,pst
күлгүн,adj,pst
күлгүндөр,adj,pst
күлдөй,adj,pst
күлдүркөн,adj,pst
күлдүү,adj,pst
күлкүлүү,adj,pst
күлкүчү,adj,pst
күлнарыдай,adj,pst
күлөөлүү,adj,pst
күлүк,adj,pst
күлүктөр,adj,pst
күлүктүк,adj,pst
күлчөтай,adj,pst
күмбөздөгү,adj,pst
күмөндүү,adj,pst
күмүштөй,adj,pst
күмүштөлүү,adj,pst
күнгөйлүү,adj,pst
күндөгүдөй,adj,pst
күндөй,adj,pst
күндөлүү,adj,pst
күндүзгүдөй,adj,pst
күндүк,adj,pst
күндүү,adj,pst
күнкү,adj,pst
күнкүү,adj,pst
күнөкөр,adj,pst
күнөмдүү,adj,pst
күнөөкөр,adj,pst
күнөөлү,adj,pst
күнөөлүү,adj,pst
күнсүз,adj,pst
күнүмдүк,adj,pst
күнүчүлүк,adj,pst
күнчөлүк,adj,pst
күнчүлүк,adj,pst
күпсөрдөй,adj,pst
күптүлүү,adj,pst
күпүдөй,adj,pst
күпчордой,adj,pst
күпчөктөй,adj,pst
күргүчтөлүү,adj,pst
күрдөлдүү,adj,pst
күрдөлүү,adj,pst
күрдөөлдүү,adj,pst
күрдөөлүү,adj,pst
күрмөлүү,adj,pst
күрмөчөн,adj,pst
күрөктөй,adj,pst
күрөлүү,adj,pst
күрөң,adj,pst
күрөңчө,adj,pst
күрпөктөй,adj,pst
күрпүлдөк,adj,pst
күрсүлдөк,adj,pst
күрсүлүү,adj,pst
күрүңдөй,adj,pst
күрүчтөй,adj,pst
күсөндөй,adj,pst
күткөндөй,adj,pst
күткүсүз,adj,pst
күтүлүү,adj,pst
күүлүү,adj,pst
күчсүздөр,adj,pst
күчтүү,adj,pst
күчтүүлөр,adj,pst
күчүктөй,adj,pst
күӊүртөлүү,adj,pst
күӊүтай,adj,pst
кыбыладай,adj,pst
кыбыр-жыбыр,adj,pst
кыдырдуу,adj,pst
кыдырлаш,adj,pst
кыдырлуу,adj,pst
кыжы-кыйма,adj,pst
кыжырлуу,adj,pst
кызардуу,adj,pst
кызгалдактай,adj,pst
кыздай,adj,pst
кыздуу,adj,pst
кызык,adj,pst
кызык-кызык,adj,pst
кызыктуу,adj,pst
кызыл,adj,pst
кызылала,adj,pst
кызылбуурул,adj,pst
кызылдай,adj,pst
кызылдуу,adj,pst
кызыл-жашыл,adj,pst
кызылжаян,adj,pst
кызылсур,adj,pst
кызылтазыл,adj,pst
кызыл-тазыл,adj,pst
кызылтору,adj,pst
кызылчаар,adj,pst
кызылчие,adj,pst
кызымталуу,adj,pst
кызындай,adj,pst
кызырдуу,adj,pst
кызырлуу,adj,pst
кызытылуу,adj,pst
кыйбат,adj,pst
кыйгай,adj,pst
кыйгак,adj,pst
кыйгактуу,adj,pst
кыйгач,adj,pst
кыйгыл,adj,pst
кыйды,adj,pst
кыйкымдуу,adj,pst
кыйлалуу,adj,pst
кыймалуу,adj,pst
кыймылдуу,adj,pst
кыймылсыз,adj,pst
кыйналуу,adj,pst
кыйратылуу,adj,pst
кыйчалыш,adj,pst
кыйшалуу,adj,pst
кыйшыгыраак,adj,pst
кыйшык,adj,pst
кыйшык-кылтык,adj,pst
кыйшыктай,adj,pst
кыйшың,adj,pst
кыйык-кыйык,adj,pst
кыйыкталуу,adj,pst
кыйылуу,adj,pst
кыйын,adj,pst
кыйыныраак,adj,pst
кыйырдаш,adj,pst
кыйырдуу,adj,pst
кыйырлуу,adj,pst
кылагар,adj,pst
кылаңгыр,adj,pst
кылбастай,adj,pst
кылгандай,adj,pst
кылгыс,adj,pst
кылгысыз,adj,pst
кылдай,adj,pst
кылдат,adj,pst
кылдуу,adj,pst
кылдырама,adj,pst
кылжылоолуу,adj,pst
кылка,adj,pst
кылкандай,adj,pst
кылкандуу,adj,pst
кылкылда,adj,pst
кылкылдак,adj,pst
кылматтай,adj,pst
кылмышсыз,adj,pst
кылмышталуу,adj,pst
кылмыштуу,adj,pst
кылсыз,adj,pst
кылтылдак,adj,pst
кылыктуу,adj,pst
кылындай,adj,pst
кылычтай,adj,pst
кылычтуу,adj,pst
кылыччан,adj,pst
кымбат,adj,pst
кымбаттуу,adj,pst
кымыздай,adj,pst
кымыздуу,adj,pst
кымындай,adj,pst
кымырылуу,adj,pst
кынадай,adj,pst
кыналуу,adj,pst
кынама,adj,pst
кынапталуу,adj,pst
кындай,adj,pst
кындуу,adj,pst
кындырдай,adj,pst
кынжылалуу,adj,pst
кынжылуу,adj,pst
кынсыз,adj,pst
кынындай,adj,pst
кыңгай,adj,pst
кыңыр,adj,pst
кыңырттуу,adj,pst
кыпкызыл,adj,pst
кыпкызылдай,adj,pst
кыпча,adj,pst
кыпчылуу,adj,pst
кыпындай,adj,pst
кыраакы,adj,pst
кыраан,adj,pst
кыраандай,adj,pst
кырандуу,adj,pst
кыргактуу,adj,pst
кыргандай,adj,pst
кыргоолдой,adj,pst
кыргыздай,adj,pst
кыргыйдай,adj,pst
кыргындалуу,adj,pst
кыргындуу,adj,pst
кырдаалдуу,adj,pst
кырдагы,adj,pst
кырдалуу,adj,pst
кырдач,adj,pst
кырдачтай,adj,pst
кырдуу,adj,pst
кыркалаш,adj,pst
кыркардуу,adj,pst
кырктагы,adj,pst
кыркылгандай,adj,pst
кыркылуу,adj,pst
кырлуу,adj,pst
кырмалуу,adj,pst
кырс,adj,pst
кырчаңгы,adj,pst
кырчылуу,adj,pst
кырчындай,adj,pst
кырчындуу,adj,pst
кыска,adj,pst
кыскартылуу,adj,pst
кысталгандай,adj,pst
кысталуу,adj,pst
кыстарылуу,adj,pst
кыстырылуу,adj,pst
кысылуу,adj,pst
кысыр,adj,pst
кысыремди,adj,pst
кытайдай,adj,pst
кытайлардай,adj,pst
кытайлык,adj,pst
кытмыр,adj,pst
кычкыл,adj,pst
кычылуу,adj,pst
кышкы,adj,pst
кыштатылуу,adj,pst
кыяктуу,adj,pst
кыялдуу,adj,pst
кыялуу,adj,pst
кыяматтай,adj,pst
кыяматтык,adj,pst
кыяптуу,adj,pst
кыясыз,adj,pst
кыӊырылуу,adj,pst
кээрдүү,adj,pst
лакталуу,adj,pst
легалдуу,adj,pst
легендалуу,adj,pst
легендарлуу,adj,pst
легитимдүү,adj,pst
лимиттелүү,adj,pst
логикалуу,adj,pst
лоялдуу,adj,pst
маанилүү,adj,pst
маанисиз,adj,pst
мааракелүү,adj,pst
маасылуу,adj,pst
магдырдуу,adj,pst
магниттелүү,adj,pst
мадалуу,adj,pst
маданиятташтырылуу,adj,pst
мажүрөө,adj,pst
мазалуу,adj,pst
мазарлуу,adj,pst
мазмундуу,adj,pst
майболпоч,adj,pst
майда,adj,pst
майдай,adj,pst
майдандагы,adj,pst
майдандай,adj,pst
майкандалуу,adj,pst
майлуу,adj,pst
майрамдалуу,adj,pst
майтарылуу,adj,pst
макмалдай,adj,pst
макоо,adj,pst
максималдуу,adj,pst
мактагандай,adj,pst
макталуу,adj,pst
мактангандай,adj,pst
мала,adj,pst
малагашка,adj,pst
малакайлуу,adj,pst
малдай,adj,pst
малдуу,adj,pst
малсыз,adj,pst
малуу,adj,pst
малындай,adj,pst
мамыдай,adj,pst
мамындай,adj,pst
мамырчылык,adj,pst
манаттай,adj,pst
мандалактай,adj,pst
мандем,adj,pst
мандемдүү,adj,pst
манектей,adj,pst
манжудай,adj,pst
манжулук,adj,pst
манжуулук,adj,pst
мансаптуу,adj,pst
маңгулдук,adj,pst
маңдайдагы,adj,pst
маңдайкы,adj,pst
маңдайлуу,adj,pst
маңкүш,adj,pst
маңыздуу,adj,pst
маралдай,adj,pst
мардай,adj,pst
маринаддалуу,adj,pst
мартабалуу,adj,pst
мас,adj,pst
масыраак,adj,pst
маталуу,adj,pst
материалдуу,adj,pst
матырылуу,adj,pst
машаадай,adj,pst
машайыктуу,adj,pst
машакталуу,adj,pst
машалуу,adj,pst
маштай,adj,pst
мезгилдүү,adj,pst
мезгилсиз,adj,pst
мейкин,adj,pst
мелжемдүү,adj,pst
мелодиялуу,adj,pst
мелүүн,adj,pst
мелчемдүү,adj,pst
мендей,adj,pst
менсиз,adj,pst
менчиктелүү,adj,pst
менчиктештирилүү,adj,pst
меңсиз,adj,pst
мергендей,adj,pst
мергендердей,adj,pst
мерчемдүү,adj,pst
металлдуу,adj,pst
метистештирилүү,adj,pst
миздей,adj,pst
миздүү,adj,pst
милдеттендирилүү,adj,pst
милдеттүү,adj,pst
милтелүү,adj,pst
мингендей,adj,pst
минималдуу,adj,pst
мисалдаш,adj,pst
мистедей,adj,pst
митаам,adj,pst
миштектей,adj,pst
мобилдүү,adj,pst
модалуу,adj,pst
мойнумдагы,adj,pst
мойнундагы,adj,pst
мойнуңдагы,adj,pst
мойсолуу,adj,pst
мокок,adj,pst
молодой,adj,pst
молоташтай,adj,pst
молотой,adj,pst
молтолуу,adj,pst
молярдуу,adj,pst
моменталдуу,adj,pst
момун,adj,pst
момундай,adj,pst
монотондуу,adj,pst
монументалдуу,adj,pst
мончоктой,adj,pst
моюндуу,adj,pst
мөмөлүү,adj,pst
мөмөсүз,adj,pst
мөндүрдөй,adj,pst
мөңгүлүү,adj,pst
мөөрлүү,adj,pst
мөрөйлүү,adj,pst
мөртөй-мөртөй,adj,pst
мубакүлдүү,adj,pst
муздай,adj,pst
муздак,adj,pst
муздуу,adj,pst
музоолуу,adj,pst
музыкалаштырылуу,adj,pst
музыкалуу,adj,pst
мукабалуу,adj,pst
мукамдуу,adj,pst
мукур,adj,pst
мулук,adj,pst
мунарадай,adj,pst
мунардагы,adj,pst
мунардай,adj,pst
мунарыктуу,adj,pst
мундай,adj,pst
муңдуу,adj,pst
муңдууң,adj,pst
мурдагы,adj,pst
мурдакы,adj,pst
мурундуу,adj,pst
мурунку,adj,pst
мурункудай,adj,pst
мурунтукталуу,adj,pst
муруттуу,adj,pst
муунакталуу,adj,pst
мууналуу,adj,pst
муундуу,adj,pst
муштумдай,adj,pst
мүдүрүлүү,adj,pst
мүйүздүү,adj,pst
мүнөздөлүү,adj,pst
мүнөздүү,adj,pst
мүртөз,adj,pst
мүчөлүү,adj,pst
мүчөөлүү,adj,pst
мүшкүлдүү,adj,pst
мыйзамдуу,adj,pst
мыйзам-ченемдүү,adj,pst
мыктай,adj,pst
мыктуу,adj,pst
мыкты,adj,pst
мыктысы,adj,pst
мыкчылуу,adj,pst
мылтыктуу,adj,pst
мылтыкчан,adj,pst
мындагы,adj,pst
мындагынын,adj,pst
мындай,adj,pst
мындай-мындай,adj,pst
мындайчылык,adj,pst
мыскылдуу,adj,pst
мысыр,adj,pst
мытаам,adj,pst
мышыктай,adj,pst
мээлүү,adj,pst
мээнеттүү,adj,pst
мээрдүү,adj,pst
мээримдүү,adj,pst
наадан,adj,pst
наалуу,adj,pst
наалыштуу,adj,pst
наама,adj,pst
наамандык,adj,pst
наамдуу,adj,pst
нааразы,adj,pst
наардуу,adj,pst
набыт,adj,pst
нагыз,adj,pst
назик,adj,pst
найдай,adj,pst
найзадагы,adj,pst
найзадай,adj,pst
найзалуу,adj,pst
найзачан,adj,pst
найлуу,adj,pst
найча,adj,pst
накта,adj,pst
нактай,adj,pst
накылдуу,adj,pst
накыштуу,adj,pst
намыздуу,adj,pst
напсилүү,adj,pst
нардай,adj,pst
нарктуу,adj,pst
насыялуу,adj,pst
натрийлүү,adj,pst
натыйжалуу,adj,pst
начар,adj,pst
неберелүү,adj,pst
негативделүү,adj,pst
негиздүү,adj,pst
нез,adj,pst
незирээк,adj,pst
нейтралдуу,adj,pst
нектарлуу,adj,pst
немедей,adj,pst
нес,adj,pst
никелүү,adj,pst
никесиз,adj,pst
ничке,adj,pst
нойгуттук,adj,pst
ноколуу,adj,pst
ноктолуу,adj,pst
нонок,adj,pst
нооткөлдөй,adj,pst
нормалдуу,adj,pst
нормалуу,adj,pst
нравалуу,adj,pst
нукура,adj,pst
нураткандай,adj,pst
нурдуу,adj,pst
нурлуу,adj,pst
нурундай,adj,pst
нускалуу,adj,pst
ныгырылуу,adj,pst
ныкталуу,adj,pst
нымдалуу,adj,pst
нымдуу,adj,pst
обдулуу,adj,pst
ободогу,adj,pst
ободой,adj,pst
обоздуу,adj,pst
оболку,adj,pst
образдуу,adj,pst
обурактуу,adj,pst
объективдүү,adj,pst
огдорулуу,adj,pst
огундай,adj,pst
ойгоо,adj,pst
ойдогу,adj,pst
ойдогудай,adj,pst
ойкумалуу,adj,pst
ойлонгус,adj,pst
ойлонулуу,adj,pst
ойлонуштурулуу,adj,pst
ойлуу,adj,pst
оймоктой,adj,pst
оймоктуу,adj,pst
оймолуу,adj,pst
ойнундай,adj,pst
ойрондой,adj,pst
ойрондолуу,adj,pst
ойрондуу,adj,pst
окжылаандай,adj,pst
окжыландай,adj,pst
октой,adj,pst
окторулуу,adj,pst
октуу,adj,pst
октуусун,adj,pst
окулуу,adj,pst
окуялуу,adj,pst
окчонтойлуу,adj,pst
окшомдуу,adj,pst
окшошураак,adj,pst
окшутмалуу,adj,pst
олбуй,adj,pst
олбурлуу,adj,pst
олжолуу,adj,pst
олжосуз,adj,pst
олоңдой,adj,pst
олоңдуу,adj,pst
олтоң,adj,pst
олуттуу,adj,pst
олуу,adj,pst
олуядай,adj,pst
олуялуу,adj,pst
омбул-домбул,adj,pst
омкорулуу,adj,pst
омоктуу,adj,pst
омурткадай,adj,pst
омурткалуу,adj,pst
омурулуу,adj,pst
ондой,adj,pst
ондолуу,adj,pst
оңбогондой,adj,pst
оңгондой,adj,pst
оңгусуз,adj,pst
оңдурбастай,adj,pst
оңой,adj,pst
оңой-олтоң,adj,pst
оң-сол,adj,pst
оң-солду,adj,pst
оңтойлуу,adj,pst
оңу-сол,adj,pst
оогандык,adj,pst
оогондой,adj,pst
оодарылма,adj,pst
оодарылуу,adj,pst
оожалуу,adj,pst
ооздогу,adj,pst
ооздукталуу,adj,pst
ооздуу,adj,pst
оозумдагы,adj,pst
оозундагы,adj,pst
оозундай,adj,pst
оолак,adj,pst
оолукмалуу,adj,pst
оомалуу,adj,pst
оомалуу-төкмөлүү,adj,pst
оор,adj,pst
оорудай,adj,pst
ооруктагы,adj,pst
оорулуу,adj,pst
опасыз,adj,pst
оперативдүү,adj,pst
опкоол,adj,pst
опол,adj,pst
ополдой,adj,pst
ополтоодой,adj,pst
опосуз,adj,pst
опсолоң,adj,pst
опсуз,adj,pst
оптималдуу,adj,pst
оптуу,adj,pst
опуздлуу,adj,pst
опурталдуу,adj,pst
опуртмалуу,adj,pst
опурулуу,adj,pst
оргу-баргы,adj,pst
оргу-шаргы,adj,pst
ордендүү,adj,pst
ордодогу,adj,pst
ордолуу,adj,pst
ордолуум,adj,pst
ордундай,adj,pst
оригиналдуу,adj,pst
оркок-соркок,adj,pst
орнолуу,adj,pst
орнотулуу,adj,pst
ороздуу,adj,pst
оройлуу,adj,pst
орой-орой,adj,pst
ороктой,adj,pst
оролуу,adj,pst
оромолдуу,adj,pst
ороодой,adj,pst
орошон,adj,pst
орсок,adj,pst
орто,adj,pst
ортодогу,adj,pst
орток,adj,pst
ортоктош,adj,pst
орточо,adj,pst
орулуу,adj,pst
орундай,adj,pst
орундалуу,adj,pst
орундатылуу,adj,pst
орундуу,adj,pst
орунсуз,adj,pst
орунтуктуу,adj,pst
орчун,adj,pst
орчундуу,adj,pst
осол,adj,pst
отогойлуу,adj,pst
отолуу,adj,pst
отоодой,adj,pst
отсуз,adj,pst
оттой,adj,pst
отуздагы,adj,pst
отундай,adj,pst
отургузулуу,adj,pst
очоктой,adj,pst
ошондогу,adj,pst
ошондой,adj,pst
оюлуу,adj,pst
оюндагы,adj,pst
оюндай,adj,pst
оюрмалуу,adj,pst
оӊбогондой,adj,pst
оӊдуу,adj,pst
оӊолуу,adj,pst
оӊтой,adj,pst
оӊтойлуу,adj,pst
өгөй,adj,pst
өгөйлөтүлүү,adj,pst
өгүздөй,adj,pst
өгүнкү,adj,pst
өжөк-өжөк,adj,pst
өжөр,adj,pst
өзгө,adj,pst
өзгөрүлүү,adj,pst
өзөндөгү,adj,pst
өзөндөй,adj,pst
өзөндүү,adj,pst
өзүмдүк,adj,pst
өзүндөй,adj,pst
өзүңдөй,adj,pst
өйдөкү,adj,pst
өйдөлүк,adj,pst
өйкөлүү,adj,pst
өйүздөгү,adj,pst
өксөлөрман,adj,pst
өктөлүү,adj,pst
өкүматтуу,adj,pst
өкүмдүү,adj,pst
өкүмөттүү,adj,pst
өкүнүчтүү,adj,pst
өкүрөң,adj,pst
өкчөлүү,adj,pst
өлбөгөндөй,adj,pst
өлгөндөй,adj,pst
өлгүдөй,adj,pst
өлгүсүз,adj,pst
өлдүү,adj,pst
өлөндүү,adj,pst
өлөңдүү,adj,pst
өлөрман,adj,pst
өлөсөлүү,adj,pst
өлтүрүлүү,adj,pst
өлүктөй,adj,pst
өлүмдүү,adj,pst
өлүңкү,adj,pst
өлүү,adj,pst
өлүү-тирүү,adj,pst
өлүүчүдөй,adj,pst
өлчөлү,adj,pst
өлчөлүү,adj,pst
өлчөмдүү,adj,pst
өлчөөлү,adj,pst
өлчөөлүү,adj,pst
өлчөөсүз,adj,pst
өмбүл-дөмбүл,adj,pst
өмгөктүү,adj,pst
өмөлүү,adj,pst
өмүрлүк,adj,pst
өмүрлүү,adj,pst
өн,adj,pst
өндүрлүү,adj,pst
өндүрүлүү,adj,pst
өндүрүмдүү,adj,pst
өндүү,adj,pst
өнөгөлүү,adj,pst
өнөрдүү,adj,pst
өнөрлүү,adj,pst
өнүмдүү,adj,pst
өңгө,adj,pst
өңгүл-дөңгүл,adj,pst
өңгүр-сөңгүр,adj,pst
өңдү,adj,pst
өңдүү,adj,pst
өңүрүндөй,adj,pst
өңчөй,adj,pst
өөдөгү,adj,pst
өөдөкү,adj,pst
өөдүр-сөөдүр,adj,pst
өпкөдөгү,adj,pst
өпкөдөй,adj,pst
өрдөктөй,adj,pst
өркөндүү,adj,pst
өркөчтүү,adj,pst
өрмө,adj,pst
өрөөлүү,adj,pst
өрттөй,adj,pst
өрттөлүү,adj,pst
өрүндөй,adj,pst
өрүштөгү,adj,pst
өсүмдүү,adj,pst
өткөндөй,adj,pst
өткөөлдөй,adj,pst
өткөр,adj,pst
өткөрмөлүү,adj,pst
өткөрүлүү,adj,pst
өткүдөй,adj,pst
өткүр,adj,pst
өткүс,adj,pst
өткүсүз,adj,pst
өтөктүү,adj,pst
өтөлүү,adj,pst
өтүлүү,adj,pst
өтүмдүү,adj,pst
өтүүчүдөй,adj,pst
өтчүдөй,adj,pst
өчкөндөй,adj,pst
өчмөлтөй,adj,pst
өчмөндүү,adj,pst
өчмөнтөй,adj,pst
өчөлүү,adj,pst
өчөшкөндөй,adj,pst
өчтүү,adj,pst
өӊдөлүү,adj,pst
өӊдүү,adj,pst
паанайлуу,adj,pst
паашалуу,adj,pst
паашалыктай,adj,pst
падышалуу,adj,pst
падышалык,adj,pst
пайдаланылуу,adj,pst
пайдалуу,adj,pst
пассивдүү,adj,pst
патетикалуу,adj,pst
пахталуу,adj,pst
пейилдүү,adj,pst
перизаттай,adj,pst
перисиз,adj,pst
перспективалуу,adj,pst
перспективдүү,adj,pst
пилдей,adj,pst
пландалуу,adj,pst
пландуу,adj,pst
позитивдүү,adj,pst
полифониялуу,adj,pst
порумдуу,adj,pst
практикалуу,adj,pst
принципиалдуу,adj,pst
проблемалуу,adj,pst
прогрессивдүү,adj,pst
продукциялуу,adj,pst
пулдуу,adj,pst
пунктуалдуу,adj,pst
радикалдуу,adj,pst
радиоактивдүү,adj,pst
ракымсыз,adj,pst
рационалдуу,adj,pst
реактивдүү,adj,pst
реалдуу,adj,pst
регулярдуу,adj,pst
рентабелдүү,adj,pst
ретроспективдүү,adj,pst
саадактуу,adj,pst
саадакчан,adj,pst
саалуу,adj,pst
саамдай,adj,pst
саамындай,adj,pst
сааттуу,adj,pst
сабалуу,adj,pst
сабылуу,adj,pst
сабындай,adj,pst
сабырдуу,adj,pst
сабырсыз,adj,pst
сазандык,adj,pst
саздак,adj,pst
саздуу,adj,pst
сайгандай,adj,pst
сайгашка,adj,pst
сайдай,adj,pst
сайлуу,adj,pst
саймалуу,adj,pst
сайылуу,adj,pst
сайыштагы,adj,pst
сакадай,adj,pst
сакалдуу,adj,pst
сакалдуулуу,adj,pst
сакалчан,adj,pst
сакталуу,adj,pst
сакыт,adj,pst
салаадай,adj,pst
салаалуу,adj,pst
салак,adj,pst
салакалуу,adj,pst
саламат,adj,pst
салаң,adj,pst
салгандай,adj,pst
салгысыз,adj,pst
салдырылуу,adj,pst
салкын,adj,pst
салмактуу,adj,pst
салтанаттуу,adj,pst
салтанаттык,adj,pst
салуулу,adj,pst
салыктай,adj,pst
салылуу,adj,pst
салыштырылуу,adj,pst
самандай,adj,pst
самаркандык,adj,pst
самбыл,adj,pst
самындай,adj,pst
самындалуу,adj,pst
самырдай,adj,pst
санаадагы,adj,pst
санаадар,adj,pst
санаалуу,adj,pst
саналуу,adj,pst
санатсыз,adj,pst
санаттагы,adj,pst
санаттуу,adj,pst
санатылуу,adj,pst
сандай,adj,pst
сандалуу,adj,pst
сандуу,adj,pst
сандыргалуу,adj,pst
санды-түмөн,adj,pst
санжалгалуу,adj,pst
санжыргалуу,adj,pst
сансыз,adj,pst
санындай,adj,pst
сапаркы,adj,pst
сапарлуу,adj,pst
сапсалгалуу,adj,pst
сапсары,adj,pst
саптай,adj,pst
сапталуу,adj,pst
саптуу,adj,pst
сарайдагы,adj,pst
сараладай,adj,pst
сарамжалдуу,adj,pst
сараң,adj,pst
саргыл,adj,pst
сардалдуу,adj,pst
саркерделүү,adj,pst
сароорудай,adj,pst
сары,adj,pst
сарыдай,adj,pst
сарымайдай,adj,pst
сарысур,adj,pst
сасык,adj,pst
сатылуу,adj,pst
саябандуу,adj,pst
саяң,adj,pst
себептүү,adj,pst
себилдүү,adj,pst
себилүү,adj,pst
сежидесиз,adj,pst
сезилүү,adj,pst
сезимдүү,adj,pst
сейилдүү,adj,pst
секидеги,adj,pst
секиртмелүү,adj,pst
сексендеги,adj,pst
селдей,adj,pst
селделүү,adj,pst
селдечен,adj,pst
селдир,adj,pst
селиндей,adj,pst
селчелик,adj,pst
семиз,adj,pst
сендей,adj,pst
сенделүү,adj,pst
сеңирдей,adj,pst
сеңирдүү,adj,pst
сеңириндей,adj,pst
сеңирлүү,adj,pst
сепкендей,adj,pst
сепкилдүү,adj,pst
септүү,adj,pst
серепчилүү,adj,pst
сермелүү,adj,pst
серпилүү,adj,pst
серүүн,adj,pst
серүүнүрөөк,adj,pst
сетер,adj,pst
сеӊирдүү,adj,pst
сеӊселүү,adj,pst
сиздей,adj,pst
сиздердей,adj,pst
силкилдүү,adj,pst
сиркедей,adj,pst
системалуу,adj,pst
сиӊимдүү,adj,pst
смодой,adj,pst
согончоктой,adj,pst
согулуу,adj,pst
согуштагы,adj,pst
созулуу,adj,pst
соккондой,adj,pst
сокудай,adj,pst
сокур,adj,pst
солбун,adj,pst
солкулдуу,adj,pst
сологой,adj,pst
солоочо,adj,pst
солуу,adj,pst
сомдолуу,adj,pst
сонун,adj,pst
сонундук,adj,pst
соңгу,adj,pst
соңку,adj,pst
соңоорлуу,adj,pst
соо,adj,pst
соодагердей,adj,pst
соодагерлүү,adj,pst
соодой,adj,pst
соолуу,adj,pst
соорулуу,adj,pst
соо-саламат,adj,pst
сопол,adj,pst
сопу,adj,pst
соргок,adj,pst
соргондой,adj,pst
сорулуу,adj,pst
соруучудай,adj,pst
соручудай,adj,pst
соттолуу,adj,pst
союлдай,adj,pst
союлуу,adj,pst
союлчан,adj,pst
сөгүлүү,adj,pst
сөздөй,adj,pst
сөздүү,adj,pst
сөзүңдөй,adj,pst
сөйкөлүү,adj,pst
сөксөөлдүү,adj,pst
сөлтүк,adj,pst
сөөктөгү,adj,pst
сөөктөш,adj,pst
стерилдүү,adj,pst
стихиялуу,adj,pst
субъективдүү,adj,pst
сугалак,adj,pst
сугарылуу,adj,pst
сузулуу,adj,pst
суйдаң,adj,pst
суксурдай,adj,pst
сулаткандай,adj,pst
сулп,adj,pst
султандай,adj,pst
сулуу,adj,pst
сулуусу,adj,pst
сумкалуу,adj,pst
суналуу,adj,pst
сунгандай,adj,pst
сунулуу,adj,pst
супсулуу,adj,pst
супсур,adj,pst
сур,adj,pst
сурайылдай,adj,pst
сураксыз,adj,pst
сурдуу,adj,pst
сурмалуу,adj,pst
сурнайдай,adj,pst
сурнайындай,adj,pst
суроолуу,adj,pst
сурча,adj,pst
суудагы,adj,pst
суудай,adj,pst
суук,adj,pst
суук-суук,adj,pst
суулуу,adj,pst
суургандай,adj,pst
суурулгус,adj,pst
суурулуу,adj,pst
суусуз,adj,pst
суусундай,adj,pst
суюк,adj,pst
суюлуу,adj,pst
сүзгөндөй,adj,pst
сүзүлүү,adj,pst
сүйгөндөй,adj,pst
сүйкүмдүү,adj,pst
сүйрөлүү,adj,pst
сүйрү,adj,pst
сүлөөсүндөй,adj,pst
сүлүктөй,adj,pst
сүмбөдөй,adj,pst
сүргөндөй,adj,pst
сүрдүү,adj,pst
сүрөөндөш,adj,pst
сүрөттөй,adj,pst
сүрөттүү,adj,pst
сүрүндөй,adj,pst
сүттөй,adj,pst
схемалуу,adj,pst
сыгылуу,adj,pst
сыдырылуу,adj,pst
сыдырым,adj,pst
сызгырылуу,adj,pst
сыздуу,adj,pst
сызылуу,adj,pst
сыйгыс,adj,pst
сыйда,adj,pst
сыйдалуу,adj,pst
сыйкырдуу,adj,pst
сыйлуу,adj,pst
сыймыкталуу,adj,pst
сыймыктуу,adj,pst
сыйпалуу,adj,pst
сыйрылуу,adj,pst
сыйымдуу,adj,pst
сылык,adj,pst
сымаптай,adj,pst
сымпоочтуу,adj,pst
сынаакы,adj,pst
сыналуу,adj,pst
сындалуу,adj,pst
сындуу,adj,pst
сындыргалуу,adj,pst
сындырылуу,adj,pst
сыңар,adj,pst
сыпаа,adj,pst
сыпайы,adj,pst
сыпа-сыйда,adj,pst
сыпаталуу,adj,pst
сырдалуу,adj,pst
сырдуу,adj,pst
сыркоолуу,adj,pst
сырлуу,adj,pst
сырмалуу,adj,pst
сырткы,adj,pst
сыртталуу,adj,pst
сыӊарындай,adj,pst
таалайлуу,adj,pst
таанылуу,adj,pst
таарылуу,adj,pst
таасирдүү,adj,pst
таасирлүү,adj,pst
табалгыс,adj,pst
табылгалуу,adj,pst
табылгылуу,adj,pst
табылгыс,adj,pst
табылуу,adj,pst
табыштуу,adj,pst
тагылуу,adj,pst
тажрыйбалуу,adj,pst
таза,adj,pst
тазалар,adj,pst
тайгандай,adj,pst
тайгылуу,adj,pst
тайдай,adj,pst
тайкы,adj,pst
тайкыраак,adj,pst
тайпак,adj,pst
тайсалуу,adj,pst
тайыз,adj,pst
такалуу,adj,pst
такасыз,adj,pst
тактай,adj,pst
тактайлуу,adj,pst
такталуу,adj,pst
такшалуу,adj,pst
такыр,adj,pst
такыядай,adj,pst
такыялуу,adj,pst
талаадай,adj,pst
талаалуу,adj,pst
талайлуу,adj,pst
талапкер,adj,pst
талапташ,adj,pst
талаптуу,adj,pst
талдай,adj,pst
талдуу,adj,pst
талкандай,adj,pst
талуу,adj,pst
тамашалуу,adj,pst
тамгалуу,adj,pst
тамгандай,adj,pst
тамтыксыз,adj,pst
тамырлуу,adj,pst
танаптуу,adj,pst
тангандай,adj,pst
тандалуу,adj,pst
тандамалуу,adj,pst
таноолуу,adj,pst
тантык,adj,pst
таңдайлаш,adj,pst
таңдайлуу,adj,pst
таңкы,adj,pst
таңсак,adj,pst
таңык,adj,pst
таңык-таңык,adj,pst
таңылуу,adj,pst
таңылчактуу,adj,pst
тапкандай,adj,pst
тапкыс,adj,pst
тапкысыз,adj,pst
тапкыч,adj,pst
таптаза,adj,pst
тапталуу,adj,pst
тапшырылуу,adj,pst
тар,adj,pst
тарамыштуу,adj,pst
тарашалуу,adj,pst
тарбиялуу,adj,pst
таргыл,adj,pst
тариздүү,adj,pst
таркысыз,adj,pst
тармал,adj,pst
тарпсыз,adj,pst
тарсылдак,adj,pst
тартай,adj,pst
тартайчудай,adj,pst
тарткандай,adj,pst
тарткыс,adj,pst
тарткысыз,adj,pst
тарткысым,adj,pst
тартуусуз,adj,pst
тартчудай,adj,pst
тартылуу,adj,pst
таруудай,adj,pst
тарчылыктуу,adj,pst
тары,adj,pst
тарыраак,adj,pst
таскыл,adj,pst
тастарлуу,adj,pst
тастыкталуу,adj,pst
татаал,adj,pst
таткандай,adj,pst
таттуу,adj,pst
татты,adj,pst
татымдуу,adj,pst
таштай,adj,pst
ташталуу,adj,pst
таштуу,adj,pst
ташылуу,adj,pst
таялуу,adj,pst
таӊгакталуу,adj,pst
таӊдай,adj,pst
таӊылуу,adj,pst
тебетейдей,adj,pst
тебилүү,adj,pst
тегеренгис,adj,pst
тегиз,adj,pst
тегизделүү,adj,pst
тегирмендей,adj,pst
тездетилүү,adj,pst
текебердүү,adj,pst
текемаӊдай,adj,pst
тексиз,adj,pst
тектүү,adj,pst
текшерилүү,adj,pst
текши,adj,pst
телек,adj,pst
телтеӊдүү,adj,pst
телүү,adj,pst
темгил,adj,pst
темгилдүү,adj,pst
темирдей,adj,pst
темирдүү,adj,pst
тенденциоздуу,adj,pst
тенденциялуу,adj,pst
тентек,adj,pst
тең,adj,pst
теңдештүү,adj,pst
теңди,adj,pst
теңиздүү,adj,pst
тепкедей,adj,pst
тепселүү,adj,pst
тептегиз,adj,pst
тербелүү,adj,pst
тергелүү,adj,pst
теректей,adj,pst
терең,adj,pst
теридей,adj,pst
терилүү,adj,pst
термелүү,adj,pst
терметилүү,adj,pst
терс,adj,pst
терскендүү,adj,pst
тескери,adj,pst
тестирлүү,adj,pst
тетири,adj,pst
тешилүү,adj,pst
тешкендей,adj,pst
тешкисиз,adj,pst
теӊделүү,adj,pst
теӊдүү,adj,pst
теӊелүү,adj,pst
теӊселүү,adj,pst
тигилүү,adj,pst
тигиндей,adj,pst
тиешелүү,adj,pst
тизгинделүү,adj,pst
тизилүү,adj,pst
тизмектелүү,adj,pst
тийгендей,adj,pst
тийгис,adj,pst
тийгисиз,adj,pst
тийчүүдөй,adj,pst
тикендей,adj,pst
тикендүү,adj,pst
тикче,adj,pst
тилазар,adj,pst
тилдүү,adj,pst
тилдүү-тилсиз,adj,pst
тилектеш,adj,pst
тилик,adj,pst
тилкелүү,adj,pst
тилсиз,adj,pst
тилсимдүү,adj,pst
тилүү,adj,pst
тинтилүү,adj,pst
типти,adj,pst
типтик,adj,pst
типтирүү,adj,pst
типтирүүлөй,adj,pst
тирелүү,adj,pst
тири,adj,pst
тирилгендей,adj,pst
тирилей,adj,pst
тирилүү,adj,pst
тиркелүү,adj,pst
тирөөсүндөй,adj,pst
тирүү,adj,pst
тиштелүү,adj,pst
тиштүү,adj,pst
тобот,adj,pst
тоголуу,adj,pst
тозоктой,adj,pst
тозоктуу,adj,pst
тозулуу,adj,pst
тойгондой,adj,pst
тойгус,adj,pst
тойгусуз,adj,pst
тойчул,adj,pst
токмолуу,adj,pst
токойлуу,adj,pst
токолдуу,adj,pst
токтогус,adj,pst
токтомдуу,adj,pst
токтоосуз,adj,pst
токулгалуу,adj,pst
токулуу,adj,pst
токумдай,adj,pst
токумчалык,adj,pst
толгомолуу,adj,pst
толгондой,adj,pst
толкундуу,adj,pst
толмоч,adj,pst
толтура,adj,pst
толтурулуу,adj,pst
толук,adj,pst
толукталуу,adj,pst
толумдуу,adj,pst
томкорулуу,adj,pst
томоголуу,adj,pst
томуктай,adj,pst
томуктуу,adj,pst
томурулуу,adj,pst
тонгус,adj,pst
тондуу,adj,pst
тонолуу,adj,pst
тонсуз,adj,pst
тоодагы,adj,pst
тоодай,adj,pst
тоодогу,adj,pst
тоодой,adj,pst
тоодой-таштай,adj,pst
тоодой-тоодой,adj,pst
тоолук,adj,pst
тоолуу,adj,pst
тоомдуу,adj,pst
тоорукталуу,adj,pst
тоорулуу,adj,pst
топодогу,adj,pst
тополоңдуу,adj,pst
тополоӊдуу,adj,pst
топтой,adj,pst
топтолтура,adj,pst
топтолуу,adj,pst
топтуу,adj,pst
топудай,adj,pst
топурактай,adj,pst
топурактуу,adj,pst
топучан,adj,pst
топчудай,adj,pst
топчулуу,adj,pst
торала,adj,pst
торгойдой,adj,pst
торголуу,adj,pst
тордолуу,adj,pst
торолуу,adj,pst
тору,adj,pst
торуча,adj,pst
торучаар,adj,pst
торчон,adj,pst
тосулуу,adj,pst
тотугуштай,adj,pst
тотудай,adj,pst
тотулук,adj,pst
тоюндай,adj,pst
тоюттандырылуу,adj,pst
төбөлүү,adj,pst
төгүлүү,adj,pst
төгүндөлүү,adj,pst
төкмөлүү,adj,pst
төкөр,adj,pst
төлгөлүү,adj,pst
төмөндөгү,adj,pst
төмөнкү,adj,pst
төөлүү,adj,pst
төөнөлүү,adj,pst
төркү,adj,pst
төрөлүү,adj,pst
төрөтай,adj,pst
төрттөгү,adj,pst
төтө,adj,pst
төтөгө,adj,pst
төтөн,adj,pst
төшөктөгү,adj,pst
төшөлүү,adj,pst
төштүү,adj,pst
төӊкөрүлүү,adj,pst
трагедиялуу,adj,pst
традициялуу,adj,pst
тугурукталуу,adj,pst
тузакталуу,adj,pst
туздай,adj,pst
туздалуу,adj,pst
туздуу,adj,pst
тукумдай,adj,pst
тукумдаш,adj,pst
тукумдуу,adj,pst
тукумсуз,adj,pst
тукуянсыз,adj,pst
тула,adj,pst
тулаңдуу,adj,pst
тулгадай,adj,pst
тулдуу,adj,pst
тулпардай,adj,pst
тултугуй,adj,pst
тултук,adj,pst
тумактай,adj,pst
тумандай,adj,pst
тумандуу,adj,pst
тумшуксуз,adj,pst
тумшукчан,adj,pst
тунгандай,adj,pst
тунук,adj,pst
тунукелүү,adj,pst
тунукталуу,adj,pst
тупатуура,adj,pst
туптунук,adj,pst
туптуура,adj,pst
туралгысыз,adj,pst
тургандай,adj,pst
тургузулуу,adj,pst
тургус,adj,pst
тургусуз,adj,pst
туруктуу,adj,pst
турумдуу,adj,pst
турумтайдай,adj,pst
тутамдай,adj,pst
туткалуу,adj,pst
туткандай,adj,pst
туткундагы,adj,pst
туткундай,adj,pst
туткундалуу,adj,pst
тутулуу,adj,pst
туубелиндей,adj,pst
туугандай,adj,pst
туугандуу,adj,pst
туугансыз,adj,pst
туудай,adj,pst
туулуу,adj,pst
туурдагы,adj,pst
туурук,adj,pst
туурулуу,adj,pst
туушалуу,adj,pst
туушар,adj,pst
тушалуу,adj,pst
тушамышталуу,adj,pst
тушоолуу,adj,pst
туюк,adj,pst
туюкталуу,adj,pst
туюлуу,adj,pst
туюмдуу,adj,pst
туяксыз,adj,pst
туяксыздай,adj,pst
туяктуу,adj,pst
түгөйлүү,adj,pst
түгөнгүс,adj,pst
түгөткөндөй,adj,pst
түгүндөй,adj,pst
түздөлүү,adj,pst
түз-ийри,adj,pst
түзөлүү,adj,pst
түзөңүрөөк,adj,pst
түзүктөлүү,adj,pst
түзүлүү,adj,pst
түирүлүү,adj,pst
түйгөндөй,adj,pst
түйдөктөлүү,adj,pst
түймөдөй,adj,pst
түймөлүү,adj,pst
түйөлүү,adj,pst
түйрүгүрөөк,adj,pst
түйүлүү,adj,pst
түйүндөлүү,adj,pst
түйүндүү,adj,pst
түйчүдөй,adj,pst
түйшөлүү,adj,pst
түйшүксүз,adj,pst
түйшүктүү,adj,pst
түктүү,adj,pst
түлүктүү,adj,pst
түмөн,adj,pst
түмөндүү,adj,pst
түндөгү,adj,pst
түнкү,adj,pst
түнөрүңкү,adj,pst
түпкү,adj,pst
түпөйүл,adj,pst
түпөксүз,adj,pst
түпөктүү,adj,pst
түпсүз,adj,pst
түптөлүү,adj,pst
түптүгөл,adj,pst
түптүз,adj,pst
түптүү,adj,pst
түрдүү,adj,pst
түрдүү-түрдүү,adj,pst
түркөй,adj,pst
түркүмдөлүү,adj,pst
түркүн-түркүн,adj,pst
түрлүү,adj,pst
түрлүү-түрлүү,adj,pst
түрмөктөй,adj,pst
түрмөктөлүү,adj,pst
түрмөктүү,adj,pst
түрпөк,adj,pst
түрсаяк,adj,pst
түрсүлдөк,adj,pst
түрүлүү,adj,pst
түрүү,adj,pst
түспөлдүү,adj,pst
түстүү,adj,pst
түткөндөй,adj,pst
түткүсүз,adj,pst
түттүү,adj,pst
түтүндүү,adj,pst
түтүнсүз,adj,pst
түшкөндөй,adj,pst
түштүк,adj,pst
түшүмдүү,adj,pst
түшүнгүс,adj,pst
түшүндүрмөлүү,adj,pst
түшүнүлүү,adj,pst
түшчүл,adj,pst
түшчүлүк,adj,pst
түӊүлүү,adj,pst
тыбытталуу,adj,pst
тыгыздалуу,adj,pst
тыгылмалуу,adj,pst
тыгылуу,adj,pst
тыгылыш,adj,pst
тыгындалуу,adj,pst
тыйнактай,adj,pst
тыйылуу,adj,pst
тыкыс,adj,pst
тынардай,adj,pst
тынгандай,adj,pst
тынгыс,adj,pst
тынч,adj,pst
тынчталуу,adj,pst
тынчы,adj,pst
тыңдуу,adj,pst
тыптыйпыл,adj,pst
тырдай,adj,pst
тырмактай,adj,pst
тырмактуу,adj,pst
тырмалуу,adj,pst
тыттай,adj,pst
тытык,adj,pst
тытылуу,adj,pst
тышкар,adj,pst
тышкы,adj,pst
тыштагы,adj,pst
тышталуу,adj,pst
тышындагы,adj,pst
тыянакталуу,adj,pst
тыӊдуу,adj,pst
тээктелүү,adj,pst
тээктүү,adj,pst
тээлүү,adj,pst
убадалуу,adj,pst
убайлуу,adj,pst
убайымдуу,adj,pst
убактылуу,adj,pst
убаралуу,adj,pst
убарлаш,adj,pst
угулуу,adj,pst
угумдуу,adj,pst
угун,adj,pst
удаалаш,adj,pst
узагыраак,adj,pst
узак,adj,pst
узатылуу,adj,pst
узун,adj,pst
узунураак,adj,pst
уйгурлук,adj,pst
уйдай,adj,pst
уйкудагы,adj,pst
уйкулуу,adj,pst
уккус,adj,pst
уккусуз,adj,pst
укмактуу,adj,pst
укмуш,adj,pst
укмуштай,adj,pst
укмуштуу,adj,pst
уксуз,adj,pst
укумчул,adj,pst
укуруктай,adj,pst
улаан,adj,pst
улактай,adj,pst
уламалуу,adj,pst
уландаш,adj,pst
улантылуу,adj,pst
улардай,adj,pst
улук-кичик,adj,pst
улуктуу,adj,pst
улуу,adj,pst
улуу-кичүү,adj,pst
умачтай,adj,pst
умаштай,adj,pst
умтулуу,adj,pst
уникалдуу,adj,pst
унитардуу,adj,pst
унитарлуу,adj,pst
унундай,adj,pst
унуткус,adj,pst
унуткусуз,adj,pst
унутулгус,adj,pst
унутулуу,adj,pst
упалуу,adj,pst
упасыз,adj,pst
ураандуу,adj,pst
ургаачыдай,adj,pst
ургандай,adj,pst
ургар,adj,pst
ургачылуу,adj,pst
урлуу,adj,pst
урматталуу,adj,pst
урматтуу,adj,pst
урпактай,adj,pst
уруксатсыз,adj,pst
уруктай,adj,pst
уруктуу,adj,pst
урулуу,adj,pst
уруулуу,adj,pst
урушарлык,adj,pst
урушкандай,adj,pst
уруштуу,adj,pst
урчугундай,adj,pst
урчуктай,adj,pst
урчуктуу,adj,pst
ускалуу,adj,pst
уткандай,adj,pst
утулуу,adj,pst
ууздай,adj,pst
ууландырылуу,adj,pst
уулдуу,adj,pst
уулундай,adj,pst
уулуу,adj,pst
уурдалуу,adj,pst
ууртундагы,adj,pst
уучтай,adj,pst
учкандай,adj,pst
учкул,adj,pst
учкулук,adj,pst
учкусуз,adj,pst
учмактуу,adj,pst
учталуу,adj,pst
учтуу,adj,pst
учундагы,adj,pst
учуртмалуу,adj,pst
учурулуу,adj,pst
учуучудай,adj,pst
ушундай,adj,pst
уюткулуу,adj,pst
уюштурулуу,adj,pst
уюшулуу,adj,pst
уялаш,adj,pst
уялаштай,adj,pst
уялуу,adj,pst
үзүктөй,adj,pst
үзүлүү,adj,pst
үзүрдүү,adj,pst
үзүрлүү,adj,pst
үйдөгү,adj,pst
үйдөгүдөй,adj,pst
үйдөй,adj,pst
үйдөй-үйдөй,adj,pst
үй-жайлуу,adj,pst
үйлүү,adj,pst
үйлүү-жайлуу,adj,pst
үйрөнчүк,adj,pst
үйрүлмөлүү,adj,pst
үйрүлүү,adj,pst
үйсүз,adj,pst
үйүлүү,adj,pst
үйүрдөш,adj,pst
үйүрлүү,adj,pst
үкүдөй,adj,pst
үкүлүү,adj,pst
үлгүлүү,adj,pst
үлкөн,adj,pst
үлкөндүү,adj,pst
үндүү,adj,pst
үнөмдөлүү,adj,pst
үнөмдүү,adj,pst
үнүндөй,adj,pst
үңкүрдөгү,adj,pst
үңкүрдөй,adj,pst
үпчүлүү,adj,pst
үркөрдөй,adj,pst
үрөндөй,adj,pst
үрөөндөй,adj,pst
үрпөк,adj,pst
үстөмдүү,adj,pst
үстүдөгү,adj,pst
үстүмдөгү,adj,pst
үстүндөгү,adj,pst
үстүнкү,adj,pst
үстүңдөгү,adj,pst
үстүңкү,adj,pst
үтүктөлүү,adj,pst
үӊүлүү,adj,pst
фарадей,adj,pst
феноменалдуу,adj,pst
флексиялуу,adj,pst
хандуу,adj,pst
чаалуу,adj,pst
чаарала,adj,pst
чабактай,adj,pst
чабал,adj,pst
чабуучудай,adj,pst
чабылуу,adj,pst
чагаан,adj,pst
чагылгандай,adj,pst
чагылгандуу,adj,pst
чагылдырылуу,adj,pst
чагылуу,adj,pst
чайкалуу,adj,pst
чайналуу,adj,pst
чайпалуу,adj,pst
чайылуу,adj,pst
чайыттай,adj,pst
чакадай,adj,pst
чакалуу,adj,pst
чакмактай,adj,pst
чакталуу,adj,pst
чактуурак,adj,pst
чакчалакей,adj,pst
чакчалекей,adj,pst
чакчарылуу,adj,pst
чакчелекей,adj,pst
чакырылуу,adj,pst
чалактагы,adj,pst
чалбырдай,adj,pst
чалгайлуу,adj,pst
чалгындуу,adj,pst
чалкайыңкы,adj,pst
чалкактай,adj,pst
чалкандай,adj,pst
чалкар,adj,pst
чалкуйруктай,adj,pst
чалмачан,adj,pst
чалчудай,adj,pst
чалылуу,adj,pst
чалын,adj,pst
чалыр,adj,pst
чамаасыз,adj,pst
чамалуу,adj,pst
чамасыз,adj,pst
чамбыл,adj,pst
чамбылала,adj,pst
чаначтай,adj,pst
чандай,adj,pst
чаңгыл,adj,pst
чаңдак,adj,pst
чаңдуу,adj,pst
чапандай,adj,pst
чапкандай,adj,pst
чапталуу,adj,pst
чапчактай,adj,pst
чапчаңыраак,adj,pst
чарадай,adj,pst
чарасыз,adj,pst
чарбактагы,adj,pst
чардай,adj,pst
чардакта,adj,pst
чарктуу,adj,pst
чарпылуу,adj,pst
чатак,adj,pst
чатактуу,adj,pst
чаткалдай,adj,pst
чатындагы,adj,pst
чатырдагы,adj,pst
чатырдай,adj,pst
чачкандай,adj,pst
чачтуу,adj,pst
чачуучудай,adj,pst
чачылуу,adj,pst
чаяндай,adj,pst
чаӊдуу,adj,pst
чаӊыталуу,adj,pst
чебичтей,adj,pst
чегерилүү,adj,pst
чегилүү,adj,pst
чекеңдеги,adj,pst
чексиз,adj,pst
чектелүү,adj,pst
челектей,adj,pst
челүү,adj,pst
чендүү,adj,pst
чендүүрөөк,adj,pst
ченелүү,adj,pst
ченемсиз,adj,pst
ченсиз,adj,pst
чепкендей,adj,pst
чептүү,adj,pst
чердүү,adj,pst
чериктүү,adj,pst
чертилүү,adj,pst
четиндеги,adj,pst
четки,adj,pst
чечдөбөдөй,adj,pst
чечекейдей,adj,pst
чечилүү,adj,pst
чечкиндүү,adj,pst
чечтелүү,adj,pst
чиедей,adj,pst
чийгендей,adj,pst
чийдей,adj,pst
чийилүү,adj,pst
чийки,adj,pst
чийкил,adj,pst
чийли,adj,pst
чийлүү,adj,pst
чилдей,adj,pst
чимириктей,adj,pst
чимирилүү,adj,pst
чирик,adj,pst
чиркелүү,adj,pst
чобур,adj,pst
чобурун,adj,pst
чогол,adj,pst
чогон,adj,pst
чогоол,adj,pst
чогулуу,adj,pst
чогундай,adj,pst
чокморчон,adj,pst
чокойдой,adj,pst
чолок,adj,pst
чолпондой,adj,pst
чолуу,adj,pst
чомулуу,adj,pst
чонтой,adj,pst
чоң,adj,pst
чоочун,adj,pst
чополуу,adj,pst
чоркок,adj,pst
чоттолуу,adj,pst
чочкодой,adj,pst
чочугандай,adj,pst
чоюлуу,adj,pst
чоӊотулуу,adj,pst
чөгөрүлүү,adj,pst
чөгөт,adj,pst
чөйчөктөй,adj,pst
чөлдөгү,adj,pst
чөлдөй,adj,pst
чөлүндөй,adj,pst
чөмүчтөй,adj,pst
чөнөктөлүү,adj,pst
чөңөрлүү,adj,pst
чөөдөй,adj,pst
чөөлүү,adj,pst
чөптөй,adj,pst
чөптүү,adj,pst
чөпчөлүк,adj,pst
чубалуу,adj,pst
чубамалуу,adj,pst
чубутураак,adj,pst
чукак,adj,pst
чукулгандай,adj,pst
чукулчул,adj,pst
чулдур,adj,pst
чулу,adj,pst
чумулуу,adj,pst
чуулгандуу,adj,pst
чуурулуу,adj,pst
чуусуз,adj,pst
чучуктай,adj,pst
чүйгүн,adj,pst
чүкөдөй,adj,pst
чүмбөттөлүү,adj,pst
чүмкөлүү,adj,pst
чүңкүл,adj,pst
чүрөктөй,adj,pst
чүрүш,adj,pst
чүчтөдөй,adj,pst
чүштөдөй,adj,pst
чыбыктай,adj,pst
чыгаан,adj,pst
чыгартылуу,adj,pst
чыгарылуу,adj,pst
чыгуучуудай,adj,pst
чыгымдалуу,adj,pst
чыдамдуу,adj,pst
чыйбыттай,adj,pst
чыйкандай,adj,pst
чыйрагыраак,adj,pst
чыйрак,adj,pst
чыйралуу,adj,pst
чыйратылуу,adj,pst
чыйырчыктай,adj,pst
чыканактай,adj,pst
чыккандай,adj,pst
чыккыс,adj,pst
чыккысыз,adj,pst
чыкчуудай,adj,pst
чыкчырылуу,adj,pst
чылбырдай,adj,pst
чылк,adj,pst
чымкый,adj,pst
чымчыктай,adj,pst
чымчылуу,adj,pst
чымындай,adj,pst
чымыр,adj,pst
чын,adj,pst
чынардай,adj,pst
чынарлуу,adj,pst
чындай,adj,pst
чыныгы,adj,pst
чыныдай,adj,pst
чың,adj,pst
чыңалуу,adj,pst
чыңдалуу,adj,pst
чыңоолу,adj,pst
чыпталуу,adj,pst
чыпчаң,adj,pst
чырайлуу,adj,pst
чырактай,adj,pst
чырдуу,adj,pst
чырлуу,adj,pst
чырмалуу,adj,pst
чырпылуу,adj,pst
чытылуу,adj,pst
чытырман,adj,pst
чычаладай,adj,pst
чычкандай,adj,pst
чычкандын,adj,pst
чычкылуу,adj,pst
чыштай,adj,pst
чыӊалуу,adj,pst
чыӊдалуу,adj,pst
шаанилүү,adj,pst
шаардуу,adj,pst
шабындай,adj,pst
шабырдуу,adj,pst
шабырлуу,adj,pst
шагылдуу,adj,pst
шагындай,adj,pst
шадылуу,adj,pst
шайдоот,adj,pst
шайдооттуу,adj,pst
шайкелеӊдүү,adj,pst
шайлалуу,adj,pst
шайлоолуу,adj,pst
шайлуу,adj,pst
шаймандуу,adj,pst
шайтандай,adj,pst
шайтандуу,adj,pst
шайыр,adj,pst
шакектелүү,adj,pst
шактой,adj,pst
шал,adj,pst
шалдагай,adj,pst
шалдыркандуу,adj,pst
шалкылдак,adj,pst
шалпылдак,adj,pst
шамаалдай,adj,pst
шамалдай,adj,pst
шамалдуу,adj,pst
шамдагай,adj,pst
шамдагайлуу,adj,pst
шамдай,adj,pst
шамындай,adj,pst
шаңдуу,adj,pst
шартталуу,adj,pst
шарындай,adj,pst
шат,adj,pst
шашкалаң,adj,pst
шашкалаңдуу,adj,pst
шашкалаӊдуу,adj,pst
шашкандай,adj,pst
шашкелик,adj,pst
шашкы,adj,pst
шашкыдай,adj,pst
шашылыштуу,adj,pst
шашыңкырак,adj,pst
шаӊдуу,adj,pst
шекердей,adj,pst
шектүү,adj,pst
шердей,adj,pst
шериксиз,adj,pst
шериндей,adj,pst
шибердүү,adj,pst
шиберлик,adj,pst
шилекейлүү,adj,pst
шимилүү,adj,pst
шимшилүү,adj,pst
ширелүү,adj,pst
ширин,adj,pst
шишкебектей,adj,pst
шиштей,adj,pst
шок,adj,pst
шоктуу,adj,pst
шондой,adj,pst
шоодой,adj,pst
шоркелдей,adj,pst
шормаӊдай,adj,pst
шородой,adj,pst
шоролуу,adj,pst
шөртөй-мөртөй,adj,pst
шуктуу,adj,pst
шукшурулуу,adj,pst
шумдуктуу,adj,pst
шумдуу,adj,pst
шумкардай,adj,pst
шүүшүндүү,adj,pst
шыбагалуу,adj,pst
шыбакталуу,adj,pst
шыгалуу,adj,pst
шыдыр,adj,pst
шыйкырлуу,adj,pst
шыкалуу,adj,pst
шыктандырылуу,adj,pst
шыктуу,adj,pst
шылдыр,adj,pst
шылдыркандуу,adj,pst
шылдыӊдалуу,adj,pst
шылдыӊдуу,adj,pst
шылкылдак,adj,pst
шылуу,adj,pst
шылуун,adj,pst
шыңга,adj,pst
шыптыгашка,adj,pst
шыпырылуу,adj,pst
шыр,adj,pst
шыргыйдай,adj,pst
шырдалуу,adj,pst
ыгырылуу,adj,pst
ызалуу,adj,pst
ызгаардуу,adj,pst
ызгаарлуу,adj,pst
ыйбаалуу,adj,pst
ыйгарылуу,adj,pst
ыйлаак,adj,pst
ыйлагандай,adj,pst
ыйлай-сыктай,adj,pst
ыйлуу,adj,pst
ыймандай,adj,pst
ыймандуу,adj,pst
ыймансыз,adj,pst
ыйманындай,adj,pst
ыйык,adj,pst
ыкмачыл,adj,pst
ыксыз,adj,pst
ыкталуу,adj,pst
ыкташтырылуу,adj,pst
ыктуу,adj,pst
ыктыярдуу,adj,pst
ыкчыл,adj,pst
ыкчырылуу,adj,pst
ыкшалуу,adj,pst
ыкыбалдуу,adj,pst
ылаачындай,adj,pst
ылайлуу,adj,pst
ылайык,adj,pst
ылайыкталуу,adj,pst
ылайыктуу,adj,pst
ылачындай,adj,pst
ылашкер,adj,pst
ылаӊдуу,adj,pst
ылдый,adj,pst
ылдыйкы,adj,pst
ылжырак,adj,pst
ылымталуу,adj,pst
ымандай,adj,pst
ымандуу,adj,pst
ымыркай,adj,pst
ынталуу,adj,pst
ынтылуу,adj,pst
ынтымактуу,adj,pst
ыпымдай,adj,pst
ырайлуу,adj,pst
ырайымдуу,adj,pst
ырайымсыз,adj,pst
ыраңдуу,adj,pst
ырас,adj,pst
ырасталуу,adj,pst
ыргайдай,adj,pst
ыргайлуу,adj,pst
ыргалуу,adj,pst
ыргылжың,adj,pst
ыргытылуу,adj,pst
ырдалуу,adj,pst
ырымдуу,adj,pst
ырыскылуу,adj,pst
ырыстуу,adj,pst
ыспатталуу,adj,pst
ысык,adj,pst
ысык-суук,adj,pst
ысыктуу,adj,pst
ысымдуу,adj,pst
ычкырлуу,adj,pst
ышкылуу,adj,pst
ышкындай,adj,pst
ышталуу,adj,pst
ыштыктай,adj,pst
ышыктуу,adj,pst
ыӊгайлуу,adj,pst
ыӊтай,adj,pst
эбегейсиз,adj,pst
эбелектей,adj,pst
эгемендүү,adj,pst
эгиздей,adj,pst
эгилүү,adj,pst
эгиндүү,adj,pst
эдене-тайтаң,adj,pst
эжелүү,adj,pst
эжигейдей,adj,pst
эзелки,adj,pst
эзил,adj,pst
эзилүү,adj,pst
экилүү,adj,pst
экөөңдөй,adj,pst
экспонатталуу,adj,pst
экспорттолуу,adj,pst
экспрессивдүү,adj,pst
экстенсивдүү,adj,pst
экстерриториалдуу,adj,pst
экчелүү,adj,pst
элдейим,adj,pst
элдер-селдер,adj,pst
элдир,adj,pst
элдүү,adj,pst
электей,adj,pst
электрлештирилүү,adj,pst
электрлүү,adj,pst
элестелүү,adj,pst
элидей,adj,pst
элик,adj,pst
эликтей,adj,pst
элимдеги,adj,pst
элиндей,adj,pst
элирмелүү,adj,pst
элким,adj,pst
элкин,adj,pst
элпек,adj,pst
элсиз,adj,pst
элсиз-журтсуз,adj,pst
эмгектүү,adj,pst
эмделүү,adj,pst
эмдүү,adj,pst
эмедей,adj,pst
эмики,adj,pst
эмки,adj,pst
эмоционалдуу,adj,pst
эмпирикалуу,adj,pst
эмчектеги,adj,pst
эндегей,adj,pst
эндей,adj,pst
эндекей,adj,pst
эндүү,adj,pst
энедей,adj,pst
энекетай,adj,pst
энелүү,adj,pst
энемдей,adj,pst
энтек-тентек,adj,pst
энчилүү,adj,pst
эңгендей,adj,pst
эңгечер,adj,pst
эңгил-деңгил,adj,pst
эңдекей,adj,pst
эңир,adj,pst
эңкегей,adj,pst
эңкейиштүү,adj,pst
эңчегей,adj,pst
эңчегер,adj,pst
эпкиндүү,adj,pst
эпсиз,adj,pst
эптелүү,adj,pst
эптештирилүү,adj,pst
эптүү,adj,pst
эпчил,adj,pst
эрбий-сербий,adj,pst
эригис,adj,pst
эриндей,adj,pst
эритилүү,adj,pst
эрке,adj,pst
эркектүү,adj,pst
эркетай,adj,pst
эркечтей,adj,pst
эркин,adj,pst
эрме,adj,pst
эрмектелүү,adj,pst
эрмектүү,adj,pst
эрмелүү,adj,pst
эртеңки,adj,pst
эсел,adj,pst
эселек,adj,pst
эселүү,adj,pst
эсен,adj,pst
эсепсиз,adj,pst
эсептеги,adj,pst
эсептелүү,adj,pst
эсептүү,adj,pst
эсил,adj,pst
эсилдүү,adj,pst
эскертилүү,adj,pst
эски,adj,pst
эскиргендей,adj,pst
эскиси,adj,pst
эстелүү,adj,pst
эстүү,adj,pst
эстүү-баштуу,adj,pst
этаждуу,adj,pst
этектелүү,adj,pst
этене,adj,pst
этенетайтаң,adj,pst
этиндей,adj,pst
эткендей,adj,pst
этчыбыктай,adj,pst
эфемердүү,adj,pst
эффективдүү,adj,pst
эчактагы,adj,pst
эшектей,adj,pst
эшиктеги,adj,pst
эшиктеш,adj,pst
эшиктүү,adj,pst
эшилме,adj,pst
эшилүү,adj,pst
эшкендей,adj,pst
ээликме,adj,pst
ээликмелүү,adj,pst
ээлүү,adj,pst
ээн,adj,pst
ээн-айкын,adj,pst
ээрдеги,adj,pst
ээрдей,adj,pst
ээсиз,adj,pst
ээсиздей,adj,pst
эӊгезердей,adj,pst
эӊилүү,adj,pst
эӊшерилүү,adj,pst
ап-анык,adj,sup
бепбелгилүү,adj,sup
бопбоз,adj,sup
бүпбүтүн,adj,sup
бүп-бүтүн,adj,sup
жапжарык,adj,sup
жапжаш,adj,sup
жапжашыл,adj,sup
жепжеңил,adj,sup
жупжумшак,adj,sup
жыпжылуу,adj,sup
капкараңгы,adj,sup
кап-караңгы,adj,sup
көпкөк,adj,sup
купкургак,adj,sup
купкуу,adj,sup
кыпкызыл,adj,sup
кып-кызыл,adj,sup
мупмуздак,adj,sup
ипичке,adj,sup
сапсары,adj,sup
сопсоо,adj,sup
сыпсылык,adj,sup
таптак,adj,sup
тептегерек,adj,sup
типтик,adj,sup
туптунук,adj,sup
туптуура,adj,sup
тыптынч,adj,sup
